t q_lin q_nonlin
0 0 0
0.01 -0 -0
0.02 4.76837e-011 4.76837e-011
0.03 1.86266e-010 1.86266e-010
0.04 4.51675e-010 4.51675e-010
0.05 8.70302e-010 8.70302e-010
0.06 1.45746e-009 1.45746e-009
0.07 2.2166e-009 2.2166e-009
0.08 3.13944e-009 3.13944e-009
0.09 4.20676e-009 4.20676e-009
0.1 5.39001e-009 5.39001e-009
0.11 6.65349e-009 6.65349e-009
0.12 7.95694e-009 7.95694e-009
0.13 9.25836e-009 9.25836e-009
0.14 1.05169e-008 1.05169e-008
0.15 1.16958e-008 1.16958e-008
0.16 1.27642e-008 1.27642e-008
0.17 1.36998e-008 1.36998e-008
0.18 1.44897e-008 1.44897e-008
0.19 1.5131e-008 1.5131e-008
0.2 1.56311e-008 1.56311e-008
0.21 1.60064e-008 1.60064e-008
0.22 1.62815e-008 1.62815e-008
0.23 1.64868e-008 1.64868e-008
0.24 1.66568e-008 1.66568e-008
0.25 1.68273e-008 1.68273e-008
0.26 1.70329e-008 1.70329e-008
0.27 1.73049e-008 1.73049e-008
0.28 1.76692e-008 1.76692e-008
0.29 1.81446e-008 1.81446e-008
0.3 1.87418e-008 1.87418e-008
0.31 1.94629e-008 1.94629e-008
0.32 2.03011e-008 2.03011e-008
0.33 2.12421e-008 2.12421e-008
0.34 2.22646e-008 2.22646e-008
0.35 2.33423e-008 2.33423e-008
0.36 2.44455e-008 2.44455e-008
0.37 2.55436e-008 2.55436e-008
0.38 2.66068e-008 2.66068e-008
0.39 2.76084e-008 2.76084e-008
0.4 2.85263e-008 2.85263e-008
0.41 2.93445e-008 2.93445e-008
0.42 3.00539e-008 3.00539e-008
0.43 3.06529e-008 3.06529e-008
0.44 3.11473e-008 3.11473e-008
0.45 3.15494e-008 3.15494e-008
0.46 3.18775e-008 3.18775e-008
0.47 3.21541e-008 3.21541e-008
0.48 3.24044e-008 3.24044e-008
0.49 3.26544e-008 3.26544e-008
0.5 3.29296e-008 3.29296e-008
0.51 3.32524e-008 3.32524e-008
0.52 3.36417e-008 3.36417e-008
0.53 3.41106e-008 3.41106e-008
0.54 3.46668e-008 3.46668e-008
0.55 3.53112e-008 3.53112e-008
0.56 3.60387e-008 3.60387e-008
0.57 3.68384e-008 3.68384e-008
0.58 3.76945e-008 3.76945e-008
0.59 3.85876e-008 3.85876e-008
0.6 3.94959e-008 3.94959e-008
0.61 4.03969e-008 4.03969e-008
0.62 4.12691e-008 4.12691e-008
0.63 4.2093e-008 4.2093e-008
0.64 4.28528e-008 4.28528e-008
0.65 4.35369e-008 4.35369e-008
0.66 4.41392e-008 4.41392e-008
0.67 4.46586e-008 4.46586e-008
0.68 4.50998e-008 4.50998e-008
0.69 4.5472e-008 4.5472e-008
0.7 4.57887e-008 4.57887e-008
0.71 4.60666e-008 4.60666e-008
0.72 4.63241e-008 4.63241e-008
0.73 4.65803e-008 4.65803e-008
0.74 4.68536e-008 4.68536e-008
0.75 4.71604e-008 4.71604e-008
0.76 4.75141e-008 4.75141e-008
0.77 4.79242e-008 4.79242e-008
0.78 4.83959e-008 4.83959e-008
0.79 4.89297e-008 4.89297e-008
0.8 4.95216e-008 4.95216e-008
0.81 5.01633e-008 5.01633e-008
0.82 5.08431e-008 5.08431e-008
0.83 5.15468e-008 5.15468e-008
0.84 5.22582e-008 5.22582e-008
0.85 5.29611e-008 5.29611e-008
0.86 5.36397e-008 5.36397e-008
0.87 5.42799e-008 5.42799e-008
0.88 5.48702e-008 5.48702e-008
0.89 5.54026e-008 5.54026e-008
0.9 5.58726e-008 5.58726e-008
0.91 5.62799e-008 5.62799e-008
0.92 5.66278e-008 5.66278e-008
0.93 5.69236e-008 5.69236e-008
0.94 5.7177e-008 5.7177e-008
0.95 5.74005e-008 5.74005e-008
0.96 5.76075e-008 5.76075e-008
0.97 5.78121e-008 5.78121e-008
0.98 5.80275e-008 5.80275e-008
0.99 5.82656e-008 5.82656e-008
1 5.85361e-008 5.85361e-008
1.01 5.88458e-008 5.88458e-008
1.02 5.91982e-008 5.91982e-008
1.03 5.95935e-008 5.95935e-008
1.04 6.00287e-008 6.00287e-008
1.05 6.04974e-008 6.04974e-008
1.06 6.0991e-008 6.0991e-008
1.07 6.1499e-008 6.1499e-008
1.08 6.20096e-008 6.20096e-008
1.09 6.25109e-008 6.25109e-008
1.1 6.29913e-008 6.29913e-008
1.11 6.34409e-008 6.34409e-008
1.12 6.38512e-008 6.38512e-008
1.13 6.42165e-008 6.42165e-008
1.14 6.45337e-008 6.45337e-008
1.15 6.48028e-008 6.48028e-008
1.16 6.50264e-008 6.50264e-008
1.17 6.52099e-008 6.52099e-008
1.18 6.53606e-008 6.53606e-008
1.19 6.54876e-008 6.54876e-008
1.2 6.56009e-008 6.56009e-008
1.21 6.57105e-008 6.57105e-008
1.22 6.58263e-008 6.58263e-008
1.23 6.59568e-008 6.59568e-008
1.24 6.6109e-008 6.6109e-008
1.25 6.62877e-008 6.62877e-008
1.26 6.64954e-008 6.64954e-008
1.27 6.67321e-008 6.67321e-008
1.28 6.69953e-008 6.69953e-008
1.29 6.72804e-008 6.72804e-008
1.3 6.7581e-008 6.7581e-008
1.31 6.78893e-008 6.78893e-008
1.32 6.81967e-008 6.81967e-008
1.33 6.84945e-008 6.84945e-008
1.34 6.87744e-008 6.87744e-008
1.35 6.9029e-008 6.9029e-008
1.36 6.92523e-008 6.92523e-008
1.37 6.94403e-008 6.94403e-008
1.38 6.95909e-008 6.95909e-008
1.39 6.97041e-008 6.97041e-008
1.4 6.97821e-008 6.97821e-008
1.41 6.98287e-008 6.98287e-008
1.42 6.98496e-008 6.98496e-008
1.43 6.98513e-008 6.98513e-008
1.44 6.98412e-008 6.98412e-008
1.45 6.98267e-008 6.98267e-008
1.46 6.98149e-008 6.98149e-008
1.47 6.98121e-008 6.98121e-008
1.48 6.98232e-008 6.98232e-008
1.49 6.98516e-008 6.98516e-008
1.5 6.98992e-008 6.98992e-008
1.51 6.99657e-008 6.99657e-008
1.52 7.00494e-008 7.00494e-008
1.53 7.01467e-008 7.01467e-008
1.54 7.02529e-008 7.02529e-008
1.55 7.03624e-008 7.03624e-008
1.56 7.04687e-008 7.04687e-008
1.57 7.05656e-008 7.05656e-008
1.58 7.06469e-008 7.06469e-008
1.59 7.07075e-008 7.07075e-008
1.6 7.0743e-008 7.0743e-008
1.61 7.07505e-008 7.07505e-008
1.62 7.07287e-008 7.07287e-008
1.63 7.06776e-008 7.06776e-008
1.64 7.05989e-008 7.05989e-008
1.65 7.04955e-008 7.04955e-008
1.66 7.03717e-008 7.03717e-008
1.67 7.02322e-008 7.02322e-008
1.68 7.00825e-008 7.00825e-008
1.69 6.9928e-008 6.9928e-008
1.7 6.97738e-008 6.97738e-008
1.71 6.96246e-008 6.96246e-008
1.72 6.94838e-008 6.94838e-008
1.73 6.9354e-008 6.9354e-008
1.74 6.92364e-008 6.92364e-008
1.75 6.91308e-008 6.91308e-008
1.76 6.90358e-008 6.90358e-008
1.77 6.89488e-008 6.89488e-008
1.78 6.88663e-008 6.88663e-008
1.79 6.87841e-008 6.87841e-008
1.8 6.86977e-008 6.86977e-008
1.81 6.86024e-008 6.86024e-008
1.82 6.84937e-008 6.84937e-008
1.83 6.8368e-008 6.8368e-008
1.84 6.82222e-008 6.82222e-008
1.85 6.80542e-008 6.80542e-008
1.86 6.7863e-008 6.7863e-008
1.87 6.76489e-008 6.76489e-008
1.88 6.74131e-008 6.74131e-008
1.89 6.71579e-008 6.71579e-008
1.9 6.68863e-008 6.68863e-008
1.91 6.6602e-008 6.6602e-008
1.92 6.63089e-008 6.63089e-008
1.93 6.6011e-008 6.6011e-008
1.94 6.57121e-008 6.57121e-008
1.95 6.54155e-008 6.54155e-008
1.96 6.51238e-008 6.51238e-008
1.97 6.48387e-008 6.48387e-008
1.98 6.45611e-008 6.45611e-008
1.99 6.42909e-008 6.42909e-008
2 6.40269e-008 6.40269e-008
2.01 6.37674e-008 6.37674e-008
2.02 6.35096e-008 6.35096e-008
2.03 6.32505e-008 6.32505e-008
2.04 6.29868e-008 6.29868e-008
2.05 6.27151e-008 6.27151e-008
2.06 6.24323e-008 6.24323e-008
2.07 6.21356e-008 6.21356e-008
2.08 6.18229e-008 6.18229e-008
2.09 6.14927e-008 6.14927e-008
2.1 6.11444e-008 6.11444e-008
2.11 6.07782e-008 6.07782e-008
2.12 6.03951e-008 6.03951e-008
2.13 5.99968e-008 5.99968e-008
2.14 5.95856e-008 5.95856e-008
2.15 5.91642e-008 5.91642e-008
2.16 5.87355e-008 5.87355e-008
2.17 5.83025e-008 5.83025e-008
2.18 5.78678e-008 5.78678e-008
2.19 5.7434e-008 5.7434e-008
2.2 5.70028e-008 5.70028e-008
2.21 5.65757e-008 5.65757e-008
2.22 5.61531e-008 5.61531e-008
2.23 5.57349e-008 5.57349e-008
2.24 5.53204e-008 5.53204e-008
2.25 5.49081e-008 5.49081e-008
2.26 5.44962e-008 5.44962e-008
2.27 5.40824e-008 5.40824e-008
2.28 5.36643e-008 5.36643e-008
2.29 5.32395e-008 5.32395e-008
2.3 5.28056e-008 5.28056e-008
2.31 5.23608e-008 5.23608e-008
2.32 5.19035e-008 5.19035e-008
2.33 5.14327e-008 5.14327e-008
2.34 5.0948e-008 5.0948e-008
2.35 5.04496e-008 5.04496e-008
2.36 4.99384e-008 4.99384e-008
2.37 4.94155e-008 4.94155e-008
2.38 4.88828e-008 4.88828e-008
2.39 4.83421e-008 4.83421e-008
2.4 4.77958e-008 4.77958e-008
2.41 4.72459e-008 4.72459e-008
2.42 4.66945e-008 4.66945e-008
2.43 4.61434e-008 4.61434e-008
2.44 4.55938e-008 4.55938e-008
2.45 4.50469e-008 4.50469e-008
2.46 4.45028e-008 4.45028e-008
2.47 4.39617e-008 4.39617e-008
2.48 4.34228e-008 4.34228e-008
2.49 4.28853e-008 4.28853e-008
2.5 4.23476e-008 4.23476e-008
2.51 4.18081e-008 4.18081e-008
2.52 4.12652e-008 4.12652e-008
2.53 4.07171e-008 4.07171e-008
2.54 4.01621e-008 4.01621e-008
2.55 3.95988e-008 3.95988e-008
2.56 3.90263e-008 3.90263e-008
2.57 3.84437e-008 3.84437e-008
2.58 3.78509e-008 3.78509e-008
2.59 3.72481e-008 3.72481e-008
2.6 3.66358e-008 3.66358e-008
2.61 3.60151e-008 3.60151e-008
2.62 3.53873e-008 3.53873e-008
2.63 3.47539e-008 3.47539e-008
2.64 3.41164e-008 3.41164e-008
2.65 3.34765e-008 3.34765e-008
2.66 3.28357e-008 3.28357e-008
2.67 3.21952e-008 3.21952e-008
2.68 3.15561e-008 3.15561e-008
2.69 3.09191e-008 3.09191e-008
2.7 3.02845e-008 3.02845e-008
2.71 2.96522e-008 2.96522e-008
2.72 2.90217e-008 2.90217e-008
2.73 2.83924e-008 2.83924e-008
2.74 2.77633e-008 2.77633e-008
2.75 2.71331e-008 2.71331e-008
2.76 2.65007e-008 2.65007e-008
2.77 2.58647e-008 2.58647e-008
2.78 2.5224e-008 2.5224e-008
2.79 2.45776e-008 2.45776e-008
2.8 2.39249e-008 2.39249e-008
2.81 2.32652e-008 2.32652e-008
2.82 2.25986e-008 2.25986e-008
2.83 2.19252e-008 2.19252e-008
2.84 2.12454e-008 2.12454e-008
2.85 2.05601e-008 2.05601e-008
2.86 1.98702e-008 1.98702e-008
2.87 1.91768e-008 1.91768e-008
2.88 1.84812e-008 1.84812e-008
2.89 1.77845e-008 1.77845e-008
2.9 1.70879e-008 1.70879e-008
2.91 1.63923e-008 1.63923e-008
2.92 1.56984e-008 1.56984e-008
2.93 1.50068e-008 1.50068e-008
2.94 1.43177e-008 1.43177e-008
2.95 1.36311e-008 1.36311e-008
2.96 1.29466e-008 1.29466e-008
2.97 1.22637e-008 1.22637e-008
2.98 1.15818e-008 1.15818e-008
2.99 1.08999e-008 1.08999e-008
3 1.02171e-008 1.02171e-008
3.01 9.53268e-009 9.53268e-009
3.02 8.84569e-009 8.84569e-009
3.03 8.15547e-009 8.15547e-009
3.04 7.46152e-009 7.46152e-009
3.05 6.76354e-009 6.76354e-009
3.06 6.06146e-009 6.06146e-009
3.07 5.35546e-009 5.35546e-009
3.08 4.64593e-009 4.64593e-009
3.09 3.93347e-009 3.93347e-009
3.1 3.21881e-009 3.21881e-009
3.11 2.50281e-009 2.50281e-009
3.12 1.78636e-009 1.78636e-009
3.13 1.07035e-009 1.07035e-009
3.14 3.5561e-010 3.5561e-010
3.15 -3.57146e-010 -3.57146e-010
3.16 -1.06736e-009 -1.06736e-009
3.17 -1.77465e-009 -1.77465e-009
3.18 -2.47884e-009 -2.47884e-009
3.19 -3.17996e-009 -3.17996e-009
3.2 -3.87821e-009 -3.87821e-009
3.21 -4.57397e-009 -4.57397e-009
3.22 -5.26776e-009 -5.26776e-009
3.23 -5.96016e-009 -5.96016e-009
3.24 -6.65183e-009 -6.65183e-009
3.25 -7.34337e-009 -7.34337e-009
3.26 -8.03538e-009 -8.03538e-009
3.27 -8.72832e-009 -8.72832e-009
3.28 -9.42255e-009 -9.42255e-009
3.29 -1.01182e-008 -1.01182e-008
3.3 -1.08154e-008 -1.08154e-008
3.31 -1.15139e-008 -1.15139e-008
3.32 -1.22135e-008 -1.22135e-008
3.33 -1.29135e-008 -1.29135e-008
3.34 -1.36136e-008 -1.36136e-008
3.35 -1.43131e-008 -1.43131e-008
3.36 -1.50112e-008 -1.50112e-008
3.37 -1.57073e-008 -1.57073e-008
3.38 -1.64008e-008 -1.64008e-008
3.39 -1.70912e-008 -1.70912e-008
3.4 -1.7778e-008 -1.7778e-008
3.41 -1.84609e-008 -1.84609e-008
3.42 -1.91399e-008 -1.91399e-008
3.43 -1.9815e-008 -1.9815e-008
3.44 -2.04861e-008 -2.04861e-008
3.45 -2.11538e-008 -2.11538e-008
3.46 -2.18182e-008 -2.18182e-008
3.47 -2.24799e-008 -2.24799e-008
3.48 -2.31392e-008 -2.31392e-008
3.49 -2.37966e-008 -2.37966e-008
3.5 -2.44526e-008 -2.44526e-008
3.51 -2.51074e-008 -2.51074e-008
3.52 -2.57613e-008 -2.57613e-008
3.53 -2.64144e-008 -2.64144e-008
3.54 -2.70667e-008 -2.70667e-008
3.55 -2.7718e-008 -2.7718e-008
3.56 -2.83681e-008 -2.83681e-008
3.57 -2.90167e-008 -2.90167e-008
3.58 -2.96632e-008 -2.96632e-008
3.59 -3.03073e-008 -3.03073e-008
3.6 -3.09485e-008 -3.09485e-008
3.61 -3.15861e-008 -3.15861e-008
3.62 -3.22198e-008 -3.22198e-008
3.63 -3.28492e-008 -3.28492e-008
3.64 -3.34739e-008 -3.34739e-008
3.65 -3.40938e-008 -3.40938e-008
3.66 -3.47087e-008 -3.47087e-008
3.67 -3.53186e-008 -3.53186e-008
3.68 -3.59237e-008 -3.59237e-008
3.69 -3.6524e-008 -3.6524e-008
3.7 -3.712e-008 -3.712e-008
3.71 -3.77118e-008 -3.77118e-008
3.72 -3.82999e-008 -3.82999e-008
3.73 -3.88844e-008 -3.88844e-008
3.74 -3.94657e-008 -3.94657e-008
3.75 -4.0044e-008 -4.0044e-008
3.76 -4.06195e-008 -4.06195e-008
3.77 -4.11923e-008 -4.11923e-008
3.78 -4.17622e-008 -4.17622e-008
3.79 -4.23293e-008 -4.23293e-008
3.8 -4.28932e-008 -4.28932e-008
3.81 -4.34538e-008 -4.34538e-008
3.82 -4.40107e-008 -4.40107e-008
3.83 -4.45635e-008 -4.45635e-008
3.84 -4.51119e-008 -4.51119e-008
3.85 -4.56555e-008 -4.56555e-008
3.86 -4.61939e-008 -4.61939e-008
3.87 -4.67269e-008 -4.67269e-008
3.88 -4.72543e-008 -4.72543e-008
3.89 -4.77757e-008 -4.77757e-008
3.9 -4.82913e-008 -4.82913e-008
3.91 -4.88009e-008 -4.88009e-008
3.92 -4.93047e-008 -4.93047e-008
3.93 -4.98028e-008 -4.98028e-008
3.94 -5.02954e-008 -5.02954e-008
3.95 -5.07826e-008 -5.07826e-008
3.96 -5.12648e-008 -5.12648e-008
3.97 -5.17421e-008 -5.17421e-008
3.98 -5.22147e-008 -5.22147e-008
3.99 -5.26828e-008 -5.26828e-008
4 -5.31465e-008 -5.31465e-008
4.01 -5.36058e-008 -5.36058e-008
4.02 -5.40608e-008 -5.40608e-008
4.03 -5.45113e-008 -5.45113e-008
4.04 -5.49571e-008 -5.49571e-008
4.05 -5.53981e-008 -5.53981e-008
4.06 -5.58341e-008 -5.58341e-008
4.07 -5.62647e-008 -5.62647e-008
4.08 -5.66896e-008 -5.66896e-008
4.09 -5.71087e-008 -5.71087e-008
4.1 -5.75216e-008 -5.75216e-008
4.11 -5.79282e-008 -5.79282e-008
4.12 -5.83282e-008 -5.83282e-008
4.13 -5.87216e-008 -5.87216e-008
4.14 -5.91082e-008 -5.91082e-008
4.15 -5.94882e-008 -5.94882e-008
4.16 -5.98615e-008 -5.98615e-008
4.17 -6.02283e-008 -6.02283e-008
4.18 -6.05886e-008 -6.05886e-008
4.19 -6.09427e-008 -6.09427e-008
4.2 -6.12908e-008 -6.12908e-008
4.21 -6.16328e-008 -6.16328e-008
4.22 -6.19691e-008 -6.19691e-008
4.23 -6.22998e-008 -6.22998e-008
4.24 -6.26248e-008 -6.26248e-008
4.25 -6.29443e-008 -6.29443e-008
4.26 -6.32582e-008 -6.32582e-008
4.27 -6.35664e-008 -6.35664e-008
4.28 -6.38689e-008 -6.38689e-008
4.29 -6.41655e-008 -6.41655e-008
4.3 -6.44559e-008 -6.44559e-008
4.31 -6.47401e-008 -6.47401e-008
4.32 -6.50179e-008 -6.50179e-008
4.33 -6.52889e-008 -6.52889e-008
4.34 -6.55531e-008 -6.55531e-008
4.35 -6.58102e-008 -6.58102e-008
4.36 -6.60603e-008 -6.60603e-008
4.37 -6.63031e-008 -6.63031e-008
4.38 -6.65387e-008 -6.65387e-008
4.39 -6.67671e-008 -6.67671e-008
4.4 -6.69883e-008 -6.69883e-008
4.41 -6.72024e-008 -6.72024e-008
4.42 -6.74094e-008 -6.74094e-008
4.43 -6.76097e-008 -6.76097e-008
4.44 -6.78031e-008 -6.78031e-008
4.45 -6.799e-008 -6.799e-008
4.46 -6.81703e-008 -6.81703e-008
4.47 -6.83442e-008 -6.83442e-008
4.48 -6.85117e-008 -6.85117e-008
4.49 -6.86729e-008 -6.86729e-008
4.5 -6.88277e-008 -6.88277e-008
4.51 -6.89762e-008 -6.89762e-008
4.52 -6.91182e-008 -6.91182e-008
4.53 -6.92536e-008 -6.92536e-008
4.54 -6.93823e-008 -6.93823e-008
4.55 -6.95042e-008 -6.95042e-008
4.56 -6.96192e-008 -6.96192e-008
4.57 -6.9727e-008 -6.9727e-008
4.58 -6.98276e-008 -6.98276e-008
4.59 -6.99209e-008 -6.99209e-008
4.6 -7.00068e-008 -7.00068e-008
4.61 -7.00853e-008 -7.00853e-008
4.62 -7.01563e-008 -7.01563e-008
4.63 -7.02199e-008 -7.02199e-008
4.64 -7.02761e-008 -7.02761e-008
4.65 -7.03249e-008 -7.03249e-008
4.66 -7.03666e-008 -7.03666e-008
4.67 -7.04011e-008 -7.04011e-008
4.68 -7.04286e-008 -7.04286e-008
4.69 -7.04492e-008 -7.04492e-008
4.7 -7.04629e-008 -7.04629e-008
4.71 -7.04699e-008 -7.04699e-008
4.72 -7.04701e-008 -7.04701e-008
4.73 -7.04637e-008 -7.04637e-008
4.74 -7.04507e-008 -7.04507e-008
4.75 -7.04309e-008 -7.04309e-008
4.76 -7.04044e-008 -7.04044e-008
4.77 -7.03712e-008 -7.03712e-008
4.78 -7.0331e-008 -7.0331e-008
4.79 -7.02839e-008 -7.02839e-008
4.8 -7.02298e-008 -7.02298e-008
4.81 -7.01685e-008 -7.01685e-008
4.82 -7.01e-008 -7.01e-008
4.83 -7.00243e-008 -7.00243e-008
4.84 -6.99412e-008 -6.99412e-008
4.85 -6.98509e-008 -6.98509e-008
4.86 -6.97532e-008 -6.97532e-008
4.87 -6.96483e-008 -6.96483e-008
4.88 -6.95361e-008 -6.95361e-008
4.89 -6.94168e-008 -6.94168e-008
4.9 -6.92904e-008 -6.92904e-008
4.91 -6.9157e-008 -6.9157e-008
4.92 -6.90167e-008 -6.90167e-008
4.93 -6.88696e-008 -6.88696e-008
4.94 -6.87157e-008 -6.87157e-008
4.95 -6.85552e-008 -6.85552e-008
4.96 -6.83881e-008 -6.83881e-008
4.97 -6.82144e-008 -6.82144e-008
4.98 -6.80342e-008 -6.80342e-008
4.99 -6.78475e-008 -6.78475e-008
5 -6.76542e-008 -6.76542e-008
5.01 -6.74543e-008 -6.74543e-008
5.02 -6.72477e-008 -6.72477e-008
5.03 -6.70345e-008 -6.70345e-008
5.04 -6.68146e-008 -6.68146e-008
5.05 -6.65879e-008 -6.65879e-008
5.06 -6.63545e-008 -6.63545e-008
5.07 -6.61142e-008 -6.61142e-008
5.08 -6.5867e-008 -6.5867e-008
5.09 -6.56131e-008 -6.56131e-008
5.1 -6.53523e-008 -6.53523e-008
5.11 -6.50848e-008 -6.50848e-008
5.12 -6.48106e-008 -6.48106e-008
5.13 -6.45298e-008 -6.45298e-008
5.14 -6.42424e-008 -6.42424e-008
5.15 -6.39486e-008 -6.39486e-008
5.16 -6.36483e-008 -6.36483e-008
5.17 -6.33418e-008 -6.33418e-008
5.18 -6.30291e-008 -6.30291e-008
5.19 -6.27102e-008 -6.27102e-008
5.2 -6.23852e-008 -6.23852e-008
5.21 -6.20542e-008 -6.20542e-008
5.22 -6.17172e-008 -6.17172e-008
5.23 -6.13742e-008 -6.13742e-008
5.24 -6.10252e-008 -6.10252e-008
5.25 -6.06703e-008 -6.06703e-008
5.26 -6.03093e-008 -6.03093e-008
5.27 -5.99424e-008 -5.99424e-008
5.28 -5.95695e-008 -5.95695e-008
5.29 -5.91905e-008 -5.91905e-008
5.3 -5.88056e-008 -5.88056e-008
5.31 -5.84146e-008 -5.84146e-008
5.32 -5.80176e-008 -5.80176e-008
5.33 -5.76146e-008 -5.76146e-008
5.34 -5.72057e-008 -5.72057e-008
5.35 -5.67909e-008 -5.67909e-008
5.36 -5.63703e-008 -5.63703e-008
5.37 -5.5944e-008 -5.5944e-008
5.38 -5.5512e-008 -5.5512e-008
5.39 -5.50744e-008 -5.50744e-008
5.4 -5.46313e-008 -5.46313e-008
5.41 -5.41828e-008 -5.41828e-008
5.42 -5.3729e-008 -5.3729e-008
5.43 -5.32699e-008 -5.32699e-008
5.44 -5.28057e-008 -5.28057e-008
5.45 -5.23363e-008 -5.23363e-008
5.46 -5.18618e-008 -5.18618e-008
5.47 -5.13823e-008 -5.13823e-008
5.48 -5.08977e-008 -5.08977e-008
5.49 -5.04082e-008 -5.04082e-008
5.5 -4.99136e-008 -4.99136e-008
5.51 -4.94141e-008 -4.94141e-008
5.52 -4.89097e-008 -4.89097e-008
5.53 -4.84003e-008 -4.84003e-008
5.54 -4.7886e-008 -4.7886e-008
5.55 -4.73668e-008 -4.73668e-008
5.56 -4.68427e-008 -4.68427e-008
5.57 -4.63138e-008 -4.63138e-008
5.58 -4.57802e-008 -4.57802e-008
5.59 -4.52419e-008 -4.52419e-008
5.6 -4.4699e-008 -4.4699e-008
5.61 -4.41515e-008 -4.41515e-008
5.62 -4.35995e-008 -4.35995e-008
5.63 -4.30432e-008 -4.30432e-008
5.64 -4.24826e-008 -4.24826e-008
5.65 -4.19177e-008 -4.19177e-008
5.66 -4.13488e-008 -4.13488e-008
5.67 -4.07758e-008 -4.07758e-008
5.68 -4.01988e-008 -4.01988e-008
5.69 -3.96179e-008 -3.96179e-008
5.7 -3.90332e-008 -3.90332e-008
5.71 -3.84446e-008 -3.84446e-008
5.72 -3.78523e-008 -3.78523e-008
5.73 -3.72563e-008 -3.72563e-008
5.74 -3.66566e-008 -3.66566e-008
5.75 -3.60532e-008 -3.60532e-008
5.76 -3.54462e-008 -3.54462e-008
5.77 -3.48356e-008 -3.48356e-008
5.78 -3.42215e-008 -3.42215e-008
5.79 -3.36039e-008 -3.36039e-008
5.8 -3.29829e-008 -3.29829e-008
5.81 -3.23585e-008 -3.23585e-008
5.82 -3.17307e-008 -3.17307e-008
5.83 -3.10997e-008 -3.10997e-008
5.84 -3.04655e-008 -3.04655e-008
5.85 -2.98282e-008 -2.98282e-008
5.86 -2.91878e-008 -2.91878e-008
5.87 -2.85446e-008 -2.85446e-008
5.88 -2.78985e-008 -2.78985e-008
5.89 -2.72496e-008 -2.72496e-008
5.9 -2.65981e-008 -2.65981e-008
5.91 -2.5944e-008 -2.5944e-008
5.92 -2.52873e-008 -2.52873e-008
5.93 -2.46282e-008 -2.46282e-008
5.94 -2.39667e-008 -2.39667e-008
5.95 -2.33029e-008 -2.33029e-008
5.96 -2.26369e-008 -2.26369e-008
5.97 -2.19686e-008 -2.19686e-008
5.98 -2.12981e-008 -2.12981e-008
5.99 -2.06255e-008 -2.06255e-008
6 -1.99509e-008 -1.99509e-008
6.01 -1.92742e-008 -1.92742e-008
6.02 -1.85956e-008 -1.85956e-008
6.03 -1.7915e-008 -1.7915e-008
6.04 -1.72326e-008 -1.72326e-008
6.05 -1.65484e-008 -1.65484e-008
6.06 -1.58624e-008 -1.58624e-008
6.07 -1.51749e-008 -1.51749e-008
6.08 -1.44857e-008 -1.44857e-008
6.09 -1.37951e-008 -1.37951e-008
6.1 -1.31031e-008 -1.31031e-008
6.11 -1.24097e-008 -1.24097e-008
6.12 -1.17151e-008 -1.17151e-008
6.13 -1.10194e-008 -1.10194e-008
6.14 -1.03226e-008 -1.03226e-008
6.15 -9.6248e-009 -9.6248e-009
6.16 -8.9261e-009 -8.9261e-009
6.17 -8.22658e-009 -8.22658e-009
6.18 -7.52628e-009 -7.52628e-009
6.19 -6.82529e-009 -6.82529e-009
6.2 -6.12366e-009 -6.12366e-009
6.21 -5.42144e-009 -5.42144e-009
6.22 -4.71871e-009 -4.71871e-009
6.23 -4.01551e-009 -4.01551e-009
6.24 -3.31191e-009 -3.31191e-009
6.25 -2.60795e-009 -2.60795e-009
6.26 -1.9037e-009 -1.9037e-009
6.27 -1.19921e-009 -1.19921e-009
6.28 -4.94566e-010 -4.94566e-010
6.29 2.10182e-010 2.10182e-010
6.3 9.14957e-010 9.14957e-010
6.31 1.61969e-009 1.61969e-009
6.32 2.32429e-009 2.32429e-009
6.33 3.02869e-009 3.02869e-009
6.34 3.7328e-009 3.7328e-009
6.35 4.43655e-009 4.43655e-009
6.36 5.13985e-009 5.13985e-009
6.37 5.84261e-009 5.84261e-009
6.38 6.54476e-009 6.54476e-009
6.39 7.24623e-009 7.24623e-009
6.4 7.94693e-009 7.94693e-009
6.41 8.64679e-009 8.64679e-009
6.42 9.34574e-009 9.34574e-009
6.43 1.00437e-008 1.00437e-008
6.44 1.07407e-008 1.07407e-008
6.45 1.14365e-008 1.14365e-008
6.46 1.21312e-008 1.21312e-008
6.47 1.28247e-008 1.28247e-008
6.48 1.35169e-008 1.35169e-008
6.49 1.42077e-008 1.42077e-008
6.5 1.48972e-008 1.48972e-008
6.51 1.55852e-008 1.55852e-008
6.52 1.62717e-008 1.62717e-008
6.53 1.69566e-008 1.69566e-008
6.54 1.76398e-008 1.76398e-008
6.55 1.83213e-008 1.83213e-008
6.56 1.9001e-008 1.9001e-008
6.57 1.96788e-008 1.96788e-008
6.58 2.03547e-008 2.03547e-008
6.59 2.10285e-008 2.10285e-008
6.6 2.17002e-008 2.17002e-008
6.61 2.23697e-008 2.23697e-008
6.62 2.3037e-008 2.3037e-008
6.63 2.3702e-008 2.3702e-008
6.64 2.43645e-008 2.43645e-008
6.65 2.50246e-008 2.50246e-008
6.66 2.56821e-008 2.56821e-008
6.67 2.63371e-008 2.63371e-008
6.68 2.69894e-008 2.69894e-008
6.69 2.76389e-008 2.76389e-008
6.7 2.82857e-008 2.82857e-008
6.71 2.89297e-008 2.89297e-008
6.72 2.95708e-008 2.95708e-008
6.73 3.02089e-008 3.02089e-008
6.74 3.08441e-008 3.08441e-008
6.75 3.14762e-008 3.14762e-008
6.76 3.21051e-008 3.21051e-008
6.77 3.27309e-008 3.27309e-008
6.78 3.33534e-008 3.33534e-008
6.79 3.39726e-008 3.39726e-008
6.8 3.45884e-008 3.45884e-008
6.81 3.52008e-008 3.52008e-008
6.82 3.58097e-008 3.58097e-008
6.83 3.6415e-008 3.6415e-008
6.84 3.70166e-008 3.70166e-008
6.85 3.76146e-008 3.76146e-008
6.86 3.82087e-008 3.82087e-008
6.87 3.87991e-008 3.87991e-008
6.88 3.93855e-008 3.93855e-008
6.89 3.99679e-008 3.99679e-008
6.9 4.05464e-008 4.05464e-008
6.91 4.11207e-008 4.11207e-008
6.92 4.1691e-008 4.1691e-008
6.93 4.2257e-008 4.2257e-008
6.94 4.28189e-008 4.28189e-008
6.95 4.33764e-008 4.33764e-008
6.96 4.39296e-008 4.39296e-008
6.97 4.44784e-008 4.44784e-008
6.98 4.50228e-008 4.50228e-008
6.99 4.55627e-008 4.55627e-008
7 4.60981e-008 4.60981e-008
7.01 4.66288e-008 4.66288e-008
7.02 4.7155e-008 4.7155e-008
7.03 4.76764e-008 4.76764e-008
7.04 4.81931e-008 4.81931e-008
7.05 4.87049e-008 4.87049e-008
7.06 4.92119e-008 4.92119e-008
7.07 4.9714e-008 4.9714e-008
7.08 5.02111e-008 5.02111e-008
7.09 5.07032e-008 5.07032e-008
7.1 5.11902e-008 5.11902e-008
7.11 5.16721e-008 5.16721e-008
7.12 5.21488e-008 5.21488e-008
7.13 5.26202e-008 5.26202e-008
7.14 5.30864e-008 5.30864e-008
7.15 5.35472e-008 5.35472e-008
7.16 5.40027e-008 5.40027e-008
7.17 5.44528e-008 5.44528e-008
7.18 5.48974e-008 5.48974e-008
7.19 5.53365e-008 5.53365e-008
7.2 5.57701e-008 5.57701e-008
7.21 5.61982e-008 5.61982e-008
7.22 5.66206e-008 5.66206e-008
7.23 5.70374e-008 5.70374e-008
7.24 5.74485e-008 5.74485e-008
7.25 5.78538e-008 5.78538e-008
7.26 5.82534e-008 5.82534e-008
7.27 5.86472e-008 5.86472e-008
7.28 5.90351e-008 5.90351e-008
7.29 5.94171e-008 5.94171e-008
7.3 5.97932e-008 5.97932e-008
7.31 6.01633e-008 6.01633e-008
7.32 6.05273e-008 6.05273e-008
7.33 6.08854e-008 6.08854e-008
7.34 6.12373e-008 6.12373e-008
7.35 6.15831e-008 6.15831e-008
7.36 6.19227e-008 6.19227e-008
7.37 6.22561e-008 6.22561e-008
7.38 6.25833e-008 6.25833e-008
7.39 6.29042e-008 6.29042e-008
7.4 6.32188e-008 6.32188e-008
7.41 6.35271e-008 6.35271e-008
7.42 6.3829e-008 6.3829e-008
7.43 6.41246e-008 6.41246e-008
7.44 6.44137e-008 6.44137e-008
7.45 6.46964e-008 6.46964e-008
7.46 6.49727e-008 6.49727e-008
7.47 6.52424e-008 6.52424e-008
7.48 6.55056e-008 6.55056e-008
7.49 6.57623e-008 6.57623e-008
7.5 6.60125e-008 6.60125e-008
7.51 6.6256e-008 6.6256e-008
7.52 6.64929e-008 6.64929e-008
7.53 6.67232e-008 6.67232e-008
7.54 6.69468e-008 6.69468e-008
7.55 6.71637e-008 6.71637e-008
7.56 6.73739e-008 6.73739e-008
7.57 6.75773e-008 6.75773e-008
7.58 6.7774e-008 6.7774e-008
7.59 6.79639e-008 6.79639e-008
7.6 6.8147e-008 6.8147e-008
7.61 6.83233e-008 6.83233e-008
7.62 6.84927e-008 6.84927e-008
7.63 6.86553e-008 6.86553e-008
7.64 6.8811e-008 6.8811e-008
7.65 6.89598e-008 6.89598e-008
7.66 6.91017e-008 6.91017e-008
7.67 6.92367e-008 6.92367e-008
7.68 6.93648e-008 6.93648e-008
7.69 6.9486e-008 6.9486e-008
7.7 6.96002e-008 6.96002e-008
7.71 6.97075e-008 6.97075e-008
7.72 6.98077e-008 6.98077e-008
7.73 6.99011e-008 6.99011e-008
7.74 6.99874e-008 6.99874e-008
7.75 7.00668e-008 7.00668e-008
7.76 7.01391e-008 7.01391e-008
7.77 7.02044e-008 7.02044e-008
7.78 7.02627e-008 7.02627e-008
7.79 7.0314e-008 7.0314e-008
7.8 7.03583e-008 7.03583e-008
7.81 7.03955e-008 7.03955e-008
7.82 7.04257e-008 7.04257e-008
7.83 7.04488e-008 7.04488e-008
7.84 7.04649e-008 7.04649e-008
7.85 7.04739e-008 7.04739e-008
7.86 7.04759e-008 7.04759e-008
7.87 7.04708e-008 7.04708e-008
7.88 7.04587e-008 7.04587e-008
7.89 7.04395e-008 7.04395e-008
7.9 7.04132e-008 7.04132e-008
7.91 7.038e-008 7.038e-008
7.92 7.03397e-008 7.03397e-008
7.93 7.02923e-008 7.02923e-008
7.94 7.0238e-008 7.0238e-008
7.95 7.01766e-008 7.01766e-008
7.96 7.01082e-008 7.01082e-008
7.97 7.00328e-008 7.00328e-008
7.98 6.99504e-008 6.99504e-008
7.99 6.9861e-008 6.9861e-008
8 6.97646e-008 6.97646e-008
8.01 6.96613e-008 6.96613e-008
8.02 6.9551e-008 6.9551e-008
8.03 6.94337e-008 6.94337e-008
8.04 6.93095e-008 6.93095e-008
8.05 6.91783e-008 6.91783e-008
8.06 6.90403e-008 6.90403e-008
8.07 6.88953e-008 6.88953e-008
8.08 6.87434e-008 6.87434e-008
8.09 6.85847e-008 6.85847e-008
8.1 6.84191e-008 6.84191e-008
8.11 6.82466e-008 6.82466e-008
8.12 6.80673e-008 6.80673e-008
8.13 6.78813e-008 6.78813e-008
8.14 6.76884e-008 6.76884e-008
8.15 6.74887e-008 6.74887e-008
8.16 6.72823e-008 6.72823e-008
8.17 6.70692e-008 6.70692e-008
8.18 6.68494e-008 6.68494e-008
8.19 6.66229e-008 6.66229e-008
8.2 6.63897e-008 6.63897e-008
8.21 6.61499e-008 6.61499e-008
8.22 6.59035e-008 6.59035e-008
8.23 6.56505e-008 6.56505e-008
8.24 6.53909e-008 6.53909e-008
8.25 6.51248e-008 6.51248e-008
8.26 6.48522e-008 6.48522e-008
8.27 6.45731e-008 6.45731e-008
8.28 6.42876e-008 6.42876e-008
8.29 6.39956e-008 6.39956e-008
8.3 6.36972e-008 6.36972e-008
8.31 6.33924e-008 6.33924e-008
8.32 6.30813e-008 6.30813e-008
8.33 6.27639e-008 6.27639e-008
8.34 6.24402e-008 6.24402e-008
8.35 6.21103e-008 6.21103e-008
8.36 6.17742e-008 6.17742e-008
8.37 6.14318e-008 6.14318e-008
8.38 6.10833e-008 6.10833e-008
8.39 6.07288e-008 6.07288e-008
8.4 6.03681e-008 6.03681e-008
8.41 6.00014e-008 6.00014e-008
8.42 5.96287e-008 5.96287e-008
8.43 5.92501e-008 5.92501e-008
8.44 5.88655e-008 5.88655e-008
8.45 5.84751e-008 5.84751e-008
8.46 5.80788e-008 5.80788e-008
8.47 5.76766e-008 5.76766e-008
8.48 5.72688e-008 5.72688e-008
8.49 5.68552e-008 5.68552e-008
8.5 5.64359e-008 5.64359e-008
8.51 5.6011e-008 5.6011e-008
8.52 5.55805e-008 5.55805e-008
8.53 5.51444e-008 5.51444e-008
8.54 5.47028e-008 5.47028e-008
8.55 5.42557e-008 5.42557e-008
8.56 5.38032e-008 5.38032e-008
8.57 5.33453e-008 5.33453e-008
8.58 5.28821e-008 5.28821e-008
8.59 5.24136e-008 5.24136e-008
8.6 5.19398e-008 5.19398e-008
8.61 5.14609e-008 5.14609e-008
8.62 5.09768e-008 5.09768e-008
8.63 5.04876e-008 5.04876e-008
8.64 4.99933e-008 4.99933e-008
8.65 4.94941e-008 4.94941e-008
8.66 4.89899e-008 4.89899e-008
8.67 4.84808e-008 4.84808e-008
8.68 4.79669e-008 4.79669e-008
8.69 4.74482e-008 4.74482e-008
8.7 4.69247e-008 4.69247e-008
8.71 4.63965e-008 4.63965e-008
8.72 4.58637e-008 4.58637e-008
8.73 4.53264e-008 4.53264e-008
8.74 4.47844e-008 4.47844e-008
8.75 4.4238e-008 4.4238e-008
8.76 4.36872e-008 4.36872e-008
8.77 4.3132e-008 4.3132e-008
8.78 4.25725e-008 4.25725e-008
8.79 4.20088e-008 4.20088e-008
8.8 4.14408e-008 4.14408e-008
8.81 4.08687e-008 4.08687e-008
8.82 4.02925e-008 4.02925e-008
8.83 3.97123e-008 3.97123e-008
8.84 3.91281e-008 3.91281e-008
8.85 3.854e-008 3.854e-008
8.86 3.7948e-008 3.7948e-008
8.87 3.73522e-008 3.73522e-008
8.88 3.67527e-008 3.67527e-008
8.89 3.61496e-008 3.61496e-008
8.9 3.55428e-008 3.55428e-008
8.91 3.49324e-008 3.49324e-008
8.92 3.43186e-008 3.43186e-008
8.93 3.37013e-008 3.37013e-008
8.94 3.30807e-008 3.30807e-008
8.95 3.24568e-008 3.24568e-008
8.96 3.18296e-008 3.18296e-008
8.97 3.11992e-008 3.11992e-008
8.98 3.05658e-008 3.05658e-008
8.99 2.99292e-008 2.99292e-008
9 2.92897e-008 2.92897e-008
9.01 2.86472e-008 2.86472e-008
9.02 2.80019e-008 2.80019e-008
9.03 2.73538e-008 2.73538e-008
9.04 2.67029e-008 2.67029e-008
9.05 2.60494e-008 2.60494e-008
9.06 2.53932e-008 2.53932e-008
9.07 2.47345e-008 2.47345e-008
9.08 2.40734e-008 2.40734e-008
9.09 2.34098e-008 2.34098e-008
9.1 2.27439e-008 2.27439e-008
9.11 2.20757e-008 2.20757e-008
9.12 2.14053e-008 2.14053e-008
9.13 2.07328e-008 2.07328e-008
9.14 2.00582e-008 2.00582e-008
9.15 1.93816e-008 1.93816e-008
9.16 1.8703e-008 1.8703e-008
9.17 1.80226e-008 1.80226e-008
9.18 1.73404e-008 1.73404e-008
9.19 1.66565e-008 1.66565e-008
9.2 1.59709e-008 1.59709e-008
9.21 1.52836e-008 1.52836e-008
9.22 1.45949e-008 1.45949e-008
9.23 1.39047e-008 1.39047e-008
9.24 1.32131e-008 1.32131e-008
9.25 1.25202e-008 1.25202e-008
9.26 1.18261e-008 1.18261e-008
9.27 1.11307e-008 1.11307e-008
9.28 1.04343e-008 1.04343e-008
9.29 9.73675e-009 9.73675e-009
9.3 9.03827e-009 9.03827e-009
9.31 8.33889e-009 8.33889e-009
9.32 7.63867e-009 7.63867e-009
9.33 6.93769e-009 6.93769e-009
9.34 6.23602e-009 6.23602e-009
9.35 5.53372e-009 5.53372e-009
9.36 4.83087e-009 4.83087e-009
9.37 4.12753e-009 4.12753e-009
9.38 3.42378e-009 3.42378e-009
9.39 2.7197e-009 2.7197e-009
9.4 2.01534e-009 2.01534e-009
9.41 1.31078e-009 1.31078e-009
9.42 6.06087e-010 6.06087e-010
9.43 -9.86628e-011 -9.86628e-011
9.44 -8.03403e-010 -8.03403e-010
9.45 -1.50806e-009 -1.50806e-009
9.46 -2.21257e-009 -2.21257e-009
9.47 -2.91686e-009 -2.91686e-009
9.48 -3.62085e-009 -3.62085e-009
9.49 -4.32449e-009 -4.32449e-009
9.5 -5.02769e-009 -5.02769e-009
9.51 -5.73039e-009 -5.73039e-009
9.52 -6.43252e-009 -6.43252e-009
9.53 -7.134e-009 -7.134e-009
9.54 -7.83477e-009 -7.83477e-009
9.55 -8.53476e-009 -8.53476e-009
9.56 -9.2339e-009 -9.2339e-009
9.57 -9.93211e-009 -9.93211e-009
9.58 -1.06293e-008 -1.06293e-008
9.59 -1.13255e-008 -1.13255e-008
9.6 -1.20205e-008 -1.20205e-008
9.61 -1.27143e-008 -1.27143e-008
9.62 -1.34069e-008 -1.34069e-008
9.63 -1.40981e-008 -1.40981e-008
9.64 -1.47879e-008 -1.47879e-008
9.65 -1.54762e-008 -1.54762e-008
9.66 -1.6163e-008 -1.6163e-008
9.67 -1.68481e-008 -1.68481e-008
9.68 -1.75316e-008 -1.75316e-008
9.69 -1.82133e-008 -1.82133e-008
9.7 -1.88932e-008 -1.88932e-008
9.71 -1.95712e-008 -1.95712e-008
9.72 -2.02473e-008 -2.02473e-008
9.73 -2.09213e-008 -2.09213e-008
9.74 -2.15932e-008 -2.15932e-008
9.75 -2.2263e-008 -2.2263e-008
9.76 -2.29305e-008 -2.29305e-008
9.77 -2.35958e-008 -2.35958e-008
9.78 -2.42587e-008 -2.42587e-008
9.79 -2.49192e-008 -2.49192e-008
9.8 -2.55771e-008 -2.55771e-008
9.81 -2.62326e-008 -2.62326e-008
9.82 -2.68854e-008 -2.68854e-008
9.83 -2.75355e-008 -2.75355e-008
9.84 -2.81828e-008 -2.81828e-008
9.85 -2.88274e-008 -2.88274e-008
9.86 -2.9469e-008 -2.9469e-008
9.87 -3.01077e-008 -3.01077e-008
9.88 -3.07434e-008 -3.07434e-008
9.89 -3.1376e-008 -3.1376e-008
9.9 -3.20055e-008 -3.20055e-008
9.91 -3.26318e-008 -3.26318e-008
9.92 -3.32548e-008 -3.32548e-008
9.93 -3.38745e-008 -3.38745e-008
9.94 -3.44908e-008 -3.44908e-008
9.95 -3.51037e-008 -3.51037e-008
9.96 -3.5713e-008 -3.5713e-008
9.97 -3.63188e-008 -3.63188e-008
9.98 -3.6921e-008 -3.6921e-008
9.99 -3.75194e-008 -3.75194e-008
10 -3.81141e-008 -3.81141e-008
10.01 -3.8705e-008 -3.8705e-008
10.02 -3.9292e-008 -3.9292e-008
10.03 -3.98751e-008 -3.98751e-008
10.04 -4.04542e-008 -4.04542e-008
10.05 -4.10293e-008 -4.10293e-008
10.06 -4.16002e-008 -4.16002e-008
10.07 -4.2167e-008 -4.2167e-008
10.08 -4.27296e-008 -4.27296e-008
10.09 -4.32879e-008 -4.32879e-008
10.1 -4.38419e-008 -4.38419e-008
10.11 -4.43915e-008 -4.43915e-008
10.12 -4.49366e-008 -4.49366e-008
10.13 -4.54773e-008 -4.54773e-008
10.14 -4.60134e-008 -4.60134e-008
10.15 -4.65449e-008 -4.65449e-008
10.16 -4.70718e-008 -4.70718e-008
10.17 -4.75939e-008 -4.75939e-008
10.18 -4.81113e-008 -4.81113e-008
10.19 -4.86239e-008 -4.86239e-008
10.2 -4.91316e-008 -4.91316e-008
10.21 -4.96344e-008 -4.96344e-008
10.22 -5.01322e-008 -5.01322e-008
10.23 -5.0625e-008 -5.0625e-008
10.24 -5.11128e-008 -5.11128e-008
10.25 -5.15955e-008 -5.15955e-008
10.26 -5.20729e-008 -5.20729e-008
10.27 -5.25452e-008 -5.25452e-008
10.28 -5.30123e-008 -5.30123e-008
10.29 -5.3474e-008 -5.3474e-008
10.3 -5.39304e-008 -5.39304e-008
10.31 -5.43814e-008 -5.43814e-008
10.32 -5.48269e-008 -5.48269e-008
10.33 -5.5267e-008 -5.5267e-008
10.34 -5.57015e-008 -5.57015e-008
10.35 -5.61305e-008 -5.61305e-008
10.36 -5.65539e-008 -5.65539e-008
10.37 -5.69716e-008 -5.69716e-008
10.38 -5.73836e-008 -5.73836e-008
10.39 -5.77898e-008 -5.77898e-008
10.4 -5.81903e-008 -5.81903e-008
10.41 -5.8585e-008 -5.8585e-008
10.42 -5.89738e-008 -5.89738e-008
10.43 -5.93567e-008 -5.93567e-008
10.44 -5.97337e-008 -5.97337e-008
10.45 -6.01047e-008 -6.01047e-008
10.46 -6.04697e-008 -6.04697e-008
10.47 -6.08286e-008 -6.08286e-008
10.48 -6.11815e-008 -6.11815e-008
10.49 -6.15283e-008 -6.15283e-008
10.5 -6.18689e-008 -6.18689e-008
10.51 -6.22033e-008 -6.22033e-008
10.52 -6.25314e-008 -6.25314e-008
10.53 -6.28534e-008 -6.28534e-008
10.54 -6.3169e-008 -6.3169e-008
10.55 -6.34784e-008 -6.34784e-008
10.56 -6.37814e-008 -6.37814e-008
10.57 -6.4078e-008 -6.4078e-008
10.58 -6.43682e-008 -6.43682e-008
10.59 -6.46519e-008 -6.46519e-008
10.6 -6.49292e-008 -6.49292e-008
10.61 -6.52e-008 -6.52e-008
10.62 -6.54643e-008 -6.54643e-008
10.63 -6.5722e-008 -6.5722e-008
10.64 -6.59732e-008 -6.59732e-008
10.65 -6.62178e-008 -6.62178e-008
10.66 -6.64557e-008 -6.64557e-008
10.67 -6.6687e-008 -6.6687e-008
10.68 -6.69116e-008 -6.69116e-008
10.69 -6.71296e-008 -6.71296e-008
10.7 -6.73408e-008 -6.73408e-008
10.71 -6.75453e-008 -6.75453e-008
10.72 -6.7743e-008 -6.7743e-008
10.73 -6.7934e-008 -6.7934e-008
10.74 -6.81182e-008 -6.81182e-008
10.75 -6.82955e-008 -6.82955e-008
10.76 -6.84661e-008 -6.84661e-008
10.77 -6.86298e-008 -6.86298e-008
10.78 -6.87866e-008 -6.87866e-008
10.79 -6.89365e-008 -6.89365e-008
10.8 -6.90796e-008 -6.90796e-008
10.81 -6.92157e-008 -6.92157e-008
10.82 -6.93449e-008 -6.93449e-008
10.83 -6.94672e-008 -6.94672e-008
10.84 -6.95826e-008 -6.95826e-008
10.85 -6.96909e-008 -6.96909e-008
10.86 -6.97924e-008 -6.97924e-008
10.87 -6.98868e-008 -6.98868e-008
10.88 -6.99742e-008 -6.99742e-008
10.89 -7.00547e-008 -7.00547e-008
10.9 -7.01281e-008 -7.01281e-008
10.91 -7.01945e-008 -7.01945e-008
10.92 -7.02539e-008 -7.02539e-008
10.93 -7.03063e-008 -7.03063e-008
10.94 -7.03517e-008 -7.03517e-008
10.95 -7.039e-008 -7.039e-008
10.96 -7.04213e-008 -7.04213e-008
10.97 -7.04455e-008 -7.04455e-008
10.98 -7.04627e-008 -7.04627e-008
10.99 -7.04729e-008 -7.04729e-008
11 -7.04759e-008 -7.04759e-008
11.01 -7.0472e-008 -7.0472e-008
11.02 -7.0461e-008 -7.0461e-008
11.03 -7.0443e-008 -7.0443e-008
11.04 -7.04179e-008 -7.04179e-008
11.05 -7.03857e-008 -7.03857e-008
11.06 -7.03466e-008 -7.03466e-008
11.07 -7.03004e-008 -7.03004e-008
11.08 -7.02472e-008 -7.02472e-008
11.09 -7.01869e-008 -7.01869e-008
11.1 -7.01196e-008 -7.01196e-008
11.11 -7.00453e-008 -7.00453e-008
11.12 -6.9964e-008 -6.9964e-008
11.13 -6.98758e-008 -6.98758e-008
11.14 -6.97805e-008 -6.97805e-008
11.15 -6.96782e-008 -6.96782e-008
11.16 -6.9569e-008 -6.9569e-008
11.17 -6.94528e-008 -6.94528e-008
11.18 -6.93297e-008 -6.93297e-008
11.19 -6.91996e-008 -6.91996e-008
11.2 -6.90627e-008 -6.90627e-008
11.21 -6.89188e-008 -6.89188e-008
11.22 -6.8768e-008 -6.8768e-008
11.23 -6.86104e-008 -6.86104e-008
11.24 -6.84459e-008 -6.84459e-008
11.25 -6.82745e-008 -6.82745e-008
11.26 -6.80963e-008 -6.80963e-008
11.27 -6.79113e-008 -6.79113e-008
11.28 -6.77195e-008 -6.77195e-008
11.29 -6.7521e-008 -6.7521e-008
11.3 -6.73157e-008 -6.73157e-008
11.31 -6.71036e-008 -6.71036e-008
11.32 -6.68849e-008 -6.68849e-008
11.33 -6.66595e-008 -6.66595e-008
11.34 -6.64273e-008 -6.64273e-008
11.35 -6.61886e-008 -6.61886e-008
11.36 -6.59432e-008 -6.59432e-008
11.37 -6.56913e-008 -6.56913e-008
11.38 -6.54327e-008 -6.54327e-008
11.39 -6.51677e-008 -6.51677e-008
11.4 -6.48961e-008 -6.48961e-008
11.41 -6.4618e-008 -6.4618e-008
11.42 -6.43335e-008 -6.43335e-008
11.43 -6.40425e-008 -6.40425e-008
11.44 -6.37451e-008 -6.37451e-008
11.45 -6.34414e-008 -6.34414e-008
11.46 -6.31313e-008 -6.31313e-008
11.47 -6.28149e-008 -6.28149e-008
11.48 -6.24922e-008 -6.24922e-008
11.49 -6.21632e-008 -6.21632e-008
11.5 -6.18281e-008 -6.18281e-008
11.51 -6.14867e-008 -6.14867e-008
11.52 -6.11392e-008 -6.11392e-008
11.53 -6.07856e-008 -6.07856e-008
11.54 -6.0426e-008 -6.0426e-008
11.55 -6.00602e-008 -6.00602e-008
11.56 -5.96885e-008 -5.96885e-008
11.57 -5.93108e-008 -5.93108e-008
11.58 -5.89272e-008 -5.89272e-008
11.59 -5.85377e-008 -5.85377e-008
11.6 -5.81423e-008 -5.81423e-008
11.61 -5.77411e-008 -5.77411e-008
11.62 -5.73341e-008 -5.73341e-008
11.63 -5.69214e-008 -5.69214e-008
11.64 -5.65031e-008 -5.65031e-008
11.65 -5.6079e-008 -5.6079e-008
11.66 -5.56494e-008 -5.56494e-008
11.67 -5.52142e-008 -5.52142e-008
11.68 -5.47734e-008 -5.47734e-008
11.69 -5.43272e-008 -5.43272e-008
11.7 -5.38756e-008 -5.38756e-008
11.71 -5.34185e-008 -5.34185e-008
11.72 -5.29562e-008 -5.29562e-008
11.73 -5.24885e-008 -5.24885e-008
11.74 -5.20156e-008 -5.20156e-008
11.75 -5.15375e-008 -5.15375e-008
11.76 -5.10542e-008 -5.10542e-008
11.77 -5.05658e-008 -5.05658e-008
11.78 -5.00724e-008 -5.00724e-008
11.79 -4.9574e-008 -4.9574e-008
11.8 -4.90706e-008 -4.90706e-008
11.81 -4.85623e-008 -4.85623e-008
11.82 -4.80491e-008 -4.80491e-008
11.83 -4.75311e-008 -4.75311e-008
11.84 -4.70084e-008 -4.70084e-008
11.85 -4.6481e-008 -4.6481e-008
11.86 -4.59489e-008 -4.59489e-008
11.87 -4.54123e-008 -4.54123e-008
11.88 -4.48711e-008 -4.48711e-008
11.89 -4.43254e-008 -4.43254e-008
11.9 -4.37752e-008 -4.37752e-008
11.91 -4.32207e-008 -4.32207e-008
11.92 -4.26619e-008 -4.26619e-008
11.93 -4.20988e-008 -4.20988e-008
11.94 -4.15315e-008 -4.15315e-008
11.95 -4.09601e-008 -4.09601e-008
11.96 -4.03845e-008 -4.03845e-008
11.97 -3.98049e-008 -3.98049e-008
11.98 -3.92214e-008 -3.92214e-008
11.99 -3.86339e-008 -3.86339e-008
12 -3.80425e-008 -3.80425e-008
12.01 -3.74474e-008 -3.74474e-008
12.02 -3.68485e-008 -3.68485e-008
12.03 -3.62459e-008 -3.62459e-008
12.04 -3.56397e-008 -3.56397e-008
12.05 -3.50299e-008 -3.50299e-008
12.06 -3.44166e-008 -3.44166e-008
12.07 -3.37999e-008 -3.37999e-008
12.08 -3.31798e-008 -3.31798e-008
12.09 -3.25564e-008 -3.25564e-008
12.1 -3.19297e-008 -3.19297e-008
12.11 -3.12998e-008 -3.12998e-008
12.12 -3.06669e-008 -3.06669e-008
12.13 -3.00308e-008 -3.00308e-008
12.14 -2.93917e-008 -2.93917e-008
12.15 -2.87497e-008 -2.87497e-008
12.16 -2.81048e-008 -2.81048e-008
12.17 -2.74571e-008 -2.74571e-008
12.18 -2.68067e-008 -2.68067e-008
12.19 -2.61536e-008 -2.61536e-008
12.2 -2.54979e-008 -2.54979e-008
12.21 -2.48396e-008 -2.48396e-008
12.22 -2.41788e-008 -2.41788e-008
12.23 -2.35156e-008 -2.35156e-008
12.24 -2.28501e-008 -2.28501e-008
12.25 -2.21823e-008 -2.21823e-008
12.26 -2.15122e-008 -2.15122e-008
12.27 -2.08401e-008 -2.08401e-008
12.28 -2.01658e-008 -2.01658e-008
12.29 -1.94895e-008 -1.94895e-008
12.3 -1.88113e-008 -1.88113e-008
12.31 -1.81311e-008 -1.81311e-008
12.32 -1.74492e-008 -1.74492e-008
12.33 -1.67655e-008 -1.67655e-008
12.34 -1.60802e-008 -1.60802e-008
12.35 -1.53932e-008 -1.53932e-008
12.36 -1.47047e-008 -1.47047e-008
12.37 -1.40147e-008 -1.40147e-008
12.38 -1.33234e-008 -1.33234e-008
12.39 -1.26307e-008 -1.26307e-008
12.4 -1.19367e-008 -1.19367e-008
12.41 -1.12415e-008 -1.12415e-008
12.42 -1.05452e-008 -1.05452e-008
12.43 -9.84789e-009 -9.84789e-009
12.44 -9.14957e-009 -9.14957e-009
12.45 -8.45032e-009 -8.45032e-009
12.46 -7.75024e-009 -7.75024e-009
12.47 -7.04938e-009 -7.04938e-009
12.48 -6.34781e-009 -6.34781e-009
12.49 -5.64561e-009 -5.64561e-009
12.5 -4.94285e-009 -4.94285e-009
12.51 -4.23959e-009 -4.23959e-009
12.52 -3.5359e-009 -3.5359e-009
12.53 -2.83187e-009 -2.83187e-009
12.54 -2.12755e-009 -2.12755e-009
12.55 -1.42301e-009 -1.42301e-009
12.56 -7.18337e-010 -7.18337e-010
12.57 -1.35895e-011 -1.35895e-011
12.58 6.91159e-010 6.91159e-010
12.59 1.39584e-009 1.39584e-009
12.6 2.10038e-009 2.10038e-009
12.61 2.80471e-009 2.80471e-009
12.62 3.50876e-009 3.50876e-009
12.63 4.21246e-009 4.21246e-009
12.64 4.91573e-009 4.91573e-009
12.65 5.61852e-009 5.61852e-009
12.66 6.32074e-009 6.32074e-009
12.67 7.02233e-009 7.02233e-009
12.68 7.72322e-009 7.72322e-009
12.69 8.42334e-009 8.42334e-009
12.7 9.12262e-009 9.12262e-009
12.71 9.82098e-009 9.82098e-009
12.72 1.05184e-008 1.05184e-008
12.73 1.12147e-008 1.12147e-008
12.74 1.19099e-008 1.19099e-008
12.75 1.26039e-008 1.26039e-008
12.76 1.32967e-008 1.32967e-008
12.77 1.39881e-008 1.39881e-008
12.78 1.46781e-008 1.46781e-008
12.79 1.53667e-008 1.53667e-008
12.8 1.60537e-008 1.60537e-008
12.81 1.67391e-008 1.67391e-008
12.82 1.74229e-008 1.74229e-008
12.83 1.81049e-008 1.81049e-008
12.84 1.87851e-008 1.87851e-008
12.85 1.94634e-008 1.94634e-008
12.86 2.01397e-008 2.01397e-008
12.87 2.08141e-008 2.08141e-008
12.88 2.14864e-008 2.14864e-008
12.89 2.21565e-008 2.21565e-008
12.9 2.28244e-008 2.28244e-008
12.91 2.349e-008 2.349e-008
12.92 2.41533e-008 2.41533e-008
12.93 2.48141e-008 2.48141e-008
12.94 2.54725e-008 2.54725e-008
12.95 2.61284e-008 2.61284e-008
12.96 2.67816e-008 2.67816e-008
12.97 2.74321e-008 2.74321e-008
12.98 2.80799e-008 2.80799e-008
12.99 2.87249e-008 2.87249e-008
13 2.9367e-008 2.9367e-008
13.01 3.00062e-008 3.00062e-008
13.02 3.06424e-008 3.06424e-008
13.03 3.12755e-008 3.12755e-008
13.04 3.19055e-008 3.19055e-008
13.05 3.25323e-008 3.25323e-008
13.06 3.31558e-008 3.31558e-008
13.07 3.37761e-008 3.37761e-008
13.08 3.43929e-008 3.43929e-008
13.09 3.50063e-008 3.50063e-008
13.1 3.56162e-008 3.56162e-008
13.11 3.62226e-008 3.62226e-008
13.12 3.68253e-008 3.68253e-008
13.13 3.74243e-008 3.74243e-008
13.14 3.80196e-008 3.80196e-008
13.15 3.86111e-008 3.86111e-008
13.16 3.91988e-008 3.91988e-008
13.17 3.97825e-008 3.97825e-008
13.18 4.03622e-008 4.03622e-008
13.19 4.0938e-008 4.0938e-008
13.2 4.15096e-008 4.15096e-008
13.21 4.2077e-008 4.2077e-008
13.22 4.26403e-008 4.26403e-008
13.23 4.31993e-008 4.31993e-008
13.24 4.37539e-008 4.37539e-008
13.25 4.43042e-008 4.43042e-008
13.26 4.48501e-008 4.48501e-008
13.27 4.53915e-008 4.53915e-008
13.28 4.59283e-008 4.59283e-008
13.29 4.64606e-008 4.64606e-008
13.3 4.69882e-008 4.69882e-008
13.31 4.75111e-008 4.75111e-008
13.32 4.80292e-008 4.80292e-008
13.33 4.85426e-008 4.85426e-008
13.34 4.9051e-008 4.9051e-008
13.35 4.95546e-008 4.95546e-008
13.36 5.00533e-008 5.00533e-008
13.37 5.05469e-008 5.05469e-008
13.38 5.10355e-008 5.10355e-008
13.39 5.15189e-008 5.15189e-008
13.4 5.19973e-008 5.19973e-008
13.41 5.24704e-008 5.24704e-008
13.42 5.29382e-008 5.29382e-008
13.43 5.34008e-008 5.34008e-008
13.44 5.38581e-008 5.38581e-008
13.45 5.43099e-008 5.43099e-008
13.46 5.47563e-008 5.47563e-008
13.47 5.51973e-008 5.51973e-008
13.48 5.56327e-008 5.56327e-008
13.49 5.60626e-008 5.60626e-008
13.5 5.64868e-008 5.64868e-008
13.51 5.69054e-008 5.69054e-008
13.52 5.73183e-008 5.73183e-008
13.53 5.77255e-008 5.77255e-008
13.54 5.81269e-008 5.81269e-008
13.55 5.85225e-008 5.85225e-008
13.56 5.89123e-008 5.89123e-008
13.57 5.92961e-008 5.92961e-008
13.58 5.96741e-008 5.96741e-008
13.59 6.0046e-008 6.0046e-008
13.6 6.0412e-008 6.0412e-008
13.61 6.07719e-008 6.07719e-008
13.62 6.11257e-008 6.11257e-008
13.63 6.14734e-008 6.14734e-008
13.64 6.1815e-008 6.1815e-008
13.65 6.21504e-008 6.21504e-008
13.66 6.24796e-008 6.24796e-008
13.67 6.28025e-008 6.28025e-008
13.68 6.31192e-008 6.31192e-008
13.69 6.34295e-008 6.34295e-008
13.7 6.37335e-008 6.37335e-008
13.71 6.40311e-008 6.40311e-008
13.72 6.43224e-008 6.43224e-008
13.73 6.46072e-008 6.46072e-008
13.74 6.48855e-008 6.48855e-008
13.75 6.51573e-008 6.51573e-008
13.76 6.54226e-008 6.54226e-008
13.77 6.56814e-008 6.56814e-008
13.78 6.59336e-008 6.59336e-008
13.79 6.61793e-008 6.61793e-008
13.8 6.64183e-008 6.64183e-008
13.81 6.66506e-008 6.66506e-008
13.82 6.68763e-008 6.68763e-008
13.83 6.70953e-008 6.70953e-008
13.84 6.73076e-008 6.73076e-008
13.85 6.75132e-008 6.75132e-008
13.86 6.7712e-008 6.7712e-008
13.87 6.79041e-008 6.79041e-008
13.88 6.80893e-008 6.80893e-008
13.89 6.82678e-008 6.82678e-008
13.9 6.84394e-008 6.84394e-008
13.91 6.86042e-008 6.86042e-008
13.92 6.87621e-008 6.87621e-008
13.93 6.89131e-008 6.89131e-008
13.94 6.90573e-008 6.90573e-008
13.95 6.91945e-008 6.91945e-008
13.96 6.93248e-008 6.93248e-008
13.97 6.94482e-008 6.94482e-008
13.98 6.95647e-008 6.95647e-008
13.99 6.96741e-008 6.96741e-008
14 6.97767e-008 6.97767e-008
14.01 6.98722e-008 6.98722e-008
14.02 6.99608e-008 6.99608e-008
14.03 7.00423e-008 7.00423e-008
14.04 7.01169e-008 7.01169e-008
14.05 7.01844e-008 7.01844e-008
14.06 7.0245e-008 7.0245e-008
14.07 7.02985e-008 7.02985e-008
14.08 7.03449e-008 7.03449e-008
14.09 7.03844e-008 7.03844e-008
14.1 7.04168e-008 7.04168e-008
14.11 7.04421e-008 7.04421e-008
14.12 7.04604e-008 7.04604e-008
14.13 7.04717e-008 7.04717e-008
14.14 7.04759e-008 7.04759e-008
14.15 7.04731e-008 7.04731e-008
14.16 7.04632e-008 7.04632e-008
14.17 7.04463e-008 7.04463e-008
14.18 7.04223e-008 7.04223e-008
14.19 7.03913e-008 7.03913e-008
14.2 7.03533e-008 7.03533e-008
14.21 7.03082e-008 7.03082e-008
14.22 7.02561e-008 7.02561e-008
14.23 7.0197e-008 7.0197e-008
14.24 7.01308e-008 7.01308e-008
14.25 7.00576e-008 7.00576e-008
14.26 6.99775e-008 6.99775e-008
14.27 6.98903e-008 6.98903e-008
14.28 6.97961e-008 6.97961e-008
14.29 6.9695e-008 6.9695e-008
14.3 6.95869e-008 6.95869e-008
14.31 6.94718e-008 6.94718e-008
14.32 6.93498e-008 6.93498e-008
14.33 6.92208e-008 6.92208e-008
14.34 6.9085e-008 6.9085e-008
14.35 6.89422e-008 6.89422e-008
14.36 6.87925e-008 6.87925e-008
14.37 6.86359e-008 6.86359e-008
14.38 6.84725e-008 6.84725e-008
14.39 6.83022e-008 6.83022e-008
14.4 6.81252e-008 6.81252e-008
14.41 6.79412e-008 6.79412e-008
14.42 6.77505e-008 6.77505e-008
14.43 6.75531e-008 6.75531e-008
14.44 6.73488e-008 6.73488e-008
14.45 6.71379e-008 6.71379e-008
14.46 6.69202e-008 6.69202e-008
14.47 6.66958e-008 6.66958e-008
14.48 6.64648e-008 6.64648e-008
14.49 6.62271e-008 6.62271e-008
14.5 6.59828e-008 6.59828e-008
14.51 6.57318e-008 6.57318e-008
14.52 6.54744e-008 6.54744e-008
14.53 6.52103e-008 6.52103e-008
14.54 6.49398e-008 6.49398e-008
14.55 6.46627e-008 6.46627e-008
14.56 6.43792e-008 6.43792e-008
14.57 6.40893e-008 6.40893e-008
14.58 6.37929e-008 6.37929e-008
14.59 6.34902e-008 6.34902e-008
14.6 6.31811e-008 6.31811e-008
14.61 6.28657e-008 6.28657e-008
14.62 6.2544e-008 6.2544e-008
14.63 6.2216e-008 6.2216e-008
14.64 6.18819e-008 6.18819e-008
14.65 6.15415e-008 6.15415e-008
14.66 6.1195e-008 6.1195e-008
14.67 6.08424e-008 6.08424e-008
14.68 6.04837e-008 6.04837e-008
14.69 6.01189e-008 6.01189e-008
14.7 5.97481e-008 5.97481e-008
14.71 5.93714e-008 5.93714e-008
14.72 5.89887e-008 5.89887e-008
14.73 5.86001e-008 5.86001e-008
14.74 5.82057e-008 5.82057e-008
14.75 5.78054e-008 5.78054e-008
14.76 5.73993e-008 5.73993e-008
14.77 5.69876e-008 5.69876e-008
14.78 5.65701e-008 5.65701e-008
14.79 5.61469e-008 5.61469e-008
14.8 5.57182e-008 5.57182e-008
14.81 5.52838e-008 5.52838e-008
14.82 5.4844e-008 5.4844e-008
14.83 5.43987e-008 5.43987e-008
14.84 5.39479e-008 5.39479e-008
14.85 5.34917e-008 5.34917e-008
14.86 5.30302e-008 5.30302e-008
14.87 5.25633e-008 5.25633e-008
14.88 5.20913e-008 5.20913e-008
14.89 5.1614e-008 5.1614e-008
14.9 5.11315e-008 5.11315e-008
14.91 5.06439e-008 5.06439e-008
14.92 5.01513e-008 5.01513e-008
14.93 4.96537e-008 4.96537e-008
14.94 4.91511e-008 4.91511e-008
14.95 4.86435e-008 4.86435e-008
14.96 4.81311e-008 4.81311e-008
14.97 4.76139e-008 4.76139e-008
14.98 4.7092e-008 4.7092e-008
14.99 4.65653e-008 4.65653e-008
15 4.6034e-008 4.6034e-008
15.01 4.5498e-008 4.5498e-008
15.02 4.49575e-008 4.49575e-008
15.03 4.44126e-008 4.44126e-008
15.04 4.38631e-008 4.38631e-008
15.05 4.33093e-008 4.33093e-008
15.06 4.27512e-008 4.27512e-008
15.07 4.21888e-008 4.21888e-008
15.08 4.16222e-008 4.16222e-008
15.09 4.10514e-008 4.10514e-008
15.1 4.04765e-008 4.04765e-008
15.11 3.98975e-008 3.98975e-008
15.12 3.93146e-008 3.93146e-008
15.13 3.87277e-008 3.87277e-008
15.14 3.8137e-008 3.8137e-008
15.15 3.75424e-008 3.75424e-008
15.16 3.69441e-008 3.69441e-008
15.17 3.63421e-008 3.63421e-008
15.18 3.57365e-008 3.57365e-008
15.19 3.51273e-008 3.51273e-008
15.2 3.45145e-008 3.45145e-008
15.21 3.38984e-008 3.38984e-008
15.22 3.32788e-008 3.32788e-008
15.23 3.26559e-008 3.26559e-008
15.24 3.20297e-008 3.20297e-008
15.25 3.14004e-008 3.14004e-008
15.26 3.07679e-008 3.07679e-008
15.27 3.01323e-008 3.01323e-008
15.28 2.94937e-008 2.94937e-008
15.29 2.88522e-008 2.88522e-008
15.3 2.82077e-008 2.82077e-008
15.31 2.75605e-008 2.75605e-008
15.32 2.69105e-008 2.69105e-008
15.33 2.62578e-008 2.62578e-008
15.34 2.56025e-008 2.56025e-008
15.35 2.49446e-008 2.49446e-008
15.36 2.42842e-008 2.42842e-008
15.37 2.36214e-008 2.36214e-008
15.38 2.29563e-008 2.29563e-008
15.39 2.22888e-008 2.22888e-008
15.4 2.16191e-008 2.16191e-008
15.41 2.09473e-008 2.09473e-008
15.42 2.02733e-008 2.02733e-008
15.43 1.95973e-008 1.95973e-008
15.44 1.89194e-008 1.89194e-008
15.45 1.82396e-008 1.82396e-008
15.46 1.75579e-008 1.75579e-008
15.47 1.68745e-008 1.68745e-008
15.48 1.61894e-008 1.61894e-008
15.49 1.55027e-008 1.55027e-008
15.5 1.48145e-008 1.48145e-008
15.51 1.41247e-008 1.41247e-008
15.52 1.34336e-008 1.34336e-008
15.53 1.27411e-008 1.27411e-008
15.54 1.20473e-008 1.20473e-008
15.55 1.13523e-008 1.13523e-008
15.56 1.06562e-008 1.06562e-008
15.57 9.95902e-009 9.95902e-009
15.58 9.26085e-009 9.26085e-009
15.59 8.56175e-009 8.56175e-009
15.6 7.86179e-009 7.86179e-009
15.61 7.16105e-009 7.16105e-009
15.62 6.45959e-009 6.45959e-009
15.63 5.75749e-009 5.75749e-009
15.64 5.05481e-009 5.05481e-009
15.65 4.35162e-009 4.35162e-009
15.66 3.648e-009 3.648e-009
15.67 2.94401e-009 2.94401e-009
15.68 2.23973e-009 2.23973e-009
15.69 1.53523e-009 1.53523e-009
15.7 8.30574e-010 8.30574e-010
15.71 1.25833e-010 1.25833e-010
15.72 -5.7892e-010 -5.7892e-010
15.73 -1.28362e-009 -1.28362e-009
15.74 -1.98818e-009 -1.98818e-009
15.75 -2.69255e-009 -2.69255e-009
15.76 -3.39665e-009 -3.39665e-009
15.77 -4.10041e-009 -4.10041e-009
15.78 -4.80376e-009 -4.80376e-009
15.79 -5.50663e-009 -5.50663e-009
15.8 -6.20894e-009 -6.20894e-009
15.81 -6.91064e-009 -6.91064e-009
15.82 -7.61165e-009 -7.61165e-009
15.83 -8.31189e-009 -8.31189e-009
15.84 -9.01131e-009 -9.01131e-009
15.85 -9.70982e-009 -9.70982e-009
15.86 -1.04074e-008 -1.04074e-008
15.87 -1.11039e-008 -1.11039e-008
15.88 -1.17993e-008 -1.17993e-008
15.89 -1.24935e-008 -1.24935e-008
15.9 -1.31864e-008 -1.31864e-008
15.91 -1.38781e-008 -1.38781e-008
15.92 -1.45683e-008 -1.45683e-008
15.93 -1.52571e-008 -1.52571e-008
15.94 -1.59444e-008 -1.59444e-008
15.95 -1.66301e-008 -1.66301e-008
15.96 -1.73141e-008 -1.73141e-008
15.97 -1.79964e-008 -1.79964e-008
15.98 -1.86769e-008 -1.86769e-008
15.99 -1.93555e-008 -1.93555e-008
16 -2.00321e-008 -2.00321e-008
16.01 -2.07068e-008 -2.07068e-008
16.02 -2.13794e-008 -2.13794e-008
16.03 -2.20499e-008 -2.20499e-008
16.04 -2.27182e-008 -2.27182e-008
16.05 -2.33842e-008 -2.33842e-008
16.06 -2.40478e-008 -2.40478e-008
16.07 -2.47091e-008 -2.47091e-008
16.08 -2.53678e-008 -2.53678e-008
16.09 -2.60241e-008 -2.60241e-008
16.1 -2.66777e-008 -2.66777e-008
16.11 -2.73287e-008 -2.73287e-008
16.12 -2.79769e-008 -2.79769e-008
16.13 -2.86224e-008 -2.86224e-008
16.14 -2.92649e-008 -2.92649e-008
16.15 -2.99046e-008 -2.99046e-008
16.16 -3.05413e-008 -3.05413e-008
16.17 -3.11749e-008 -3.11749e-008
16.18 -3.18054e-008 -3.18054e-008
16.19 -3.24327e-008 -3.24327e-008
16.2 -3.30567e-008 -3.30567e-008
16.21 -3.36775e-008 -3.36775e-008
16.22 -3.42949e-008 -3.42949e-008
16.23 -3.49089e-008 -3.49089e-008
16.24 -3.55193e-008 -3.55193e-008
16.25 -3.61262e-008 -3.61262e-008
16.26 -3.67296e-008 -3.67296e-008
16.27 -3.73292e-008 -3.73292e-008
16.28 -3.79251e-008 -3.79251e-008
16.29 -3.85172e-008 -3.85172e-008
16.3 -3.91055e-008 -3.91055e-008
16.31 -3.96898e-008 -3.96898e-008
16.32 -4.02702e-008 -4.02702e-008
16.33 -4.08465e-008 -4.08465e-008
16.34 -4.14188e-008 -4.14188e-008
16.35 -4.19869e-008 -4.19869e-008
16.36 -4.25509e-008 -4.25509e-008
16.37 -4.31105e-008 -4.31105e-008
16.38 -4.36659e-008 -4.36659e-008
16.39 -4.42169e-008 -4.42169e-008
16.4 -4.47635e-008 -4.47635e-008
16.41 -4.53055e-008 -4.53055e-008
16.42 -4.58431e-008 -4.58431e-008
16.43 -4.63761e-008 -4.63761e-008
16.44 -4.69044e-008 -4.69044e-008
16.45 -4.74281e-008 -4.74281e-008
16.46 -4.7947e-008 -4.7947e-008
16.47 -4.84611e-008 -4.84611e-008
16.48 -4.89704e-008 -4.89704e-008
16.49 -4.94748e-008 -4.94748e-008
16.5 -4.99742e-008 -4.99742e-008
16.51 -5.04686e-008 -5.04686e-008
16.52 -5.0958e-008 -5.0958e-008
16.53 -5.14423e-008 -5.14423e-008
16.54 -5.19214e-008 -5.19214e-008
16.55 -5.23954e-008 -5.23954e-008
16.56 -5.28641e-008 -5.28641e-008
16.57 -5.33275e-008 -5.33275e-008
16.58 -5.37856e-008 -5.37856e-008
16.59 -5.42383e-008 -5.42383e-008
16.6 -5.46856e-008 -5.46856e-008
16.61 -5.51274e-008 -5.51274e-008
16.62 -5.55637e-008 -5.55637e-008
16.63 -5.59945e-008 -5.59945e-008
16.64 -5.64196e-008 -5.64196e-008
16.65 -5.68391e-008 -5.68391e-008
16.66 -5.7253e-008 -5.7253e-008
16.67 -5.76611e-008 -5.76611e-008
16.68 -5.80634e-008 -5.80634e-008
16.69 -5.84599e-008 -5.84599e-008
16.7 -5.88506e-008 -5.88506e-008
16.71 -5.92354e-008 -5.92354e-008
16.72 -5.96143e-008 -5.96143e-008
16.73 -5.99872e-008 -5.99872e-008
16.74 -6.03541e-008 -6.03541e-008
16.75 -6.0715e-008 -6.0715e-008
16.76 -6.10698e-008 -6.10698e-008
16.77 -6.14185e-008 -6.14185e-008
16.78 -6.1761e-008 -6.1761e-008
16.79 -6.20974e-008 -6.20974e-008
16.8 -6.24276e-008 -6.24276e-008
16.81 -6.27515e-008 -6.27515e-008
16.82 -6.30692e-008 -6.30692e-008
16.83 -6.33805e-008 -6.33805e-008
16.84 -6.36855e-008 -6.36855e-008
16.85 -6.39842e-008 -6.39842e-008
16.86 -6.42764e-008 -6.42764e-008
16.87 -6.45622e-008 -6.45622e-008
16.88 -6.48416e-008 -6.48416e-008
16.89 -6.51145e-008 -6.51145e-008
16.9 -6.53808e-008 -6.53808e-008
16.91 -6.56407e-008 -6.56407e-008
16.92 -6.58939e-008 -6.58939e-008
16.93 -6.61406e-008 -6.61406e-008
16.94 -6.63806e-008 -6.63806e-008
16.95 -6.66141e-008 -6.66141e-008
16.96 -6.68408e-008 -6.68408e-008
16.97 -6.70609e-008 -6.70609e-008
16.98 -6.72743e-008 -6.72743e-008
16.99 -6.74809e-008 -6.74809e-008
17 -6.76808e-008 -6.76808e-008
17.01 -6.78739e-008 -6.78739e-008
17.02 -6.80603e-008 -6.80603e-008
17.03 -6.82398e-008 -6.82398e-008
17.04 -6.84125e-008 -6.84125e-008
17.05 -6.85784e-008 -6.85784e-008
17.06 -6.87374e-008 -6.87374e-008
17.07 -6.88895e-008 -6.88895e-008
17.08 -6.90348e-008 -6.90348e-008
17.09 -6.91731e-008 -6.91731e-008
17.1 -6.93045e-008 -6.93045e-008
17.11 -6.9429e-008 -6.9429e-008
17.12 -6.95466e-008 -6.95466e-008
17.13 -6.96572e-008 -6.96572e-008
17.14 -6.97608e-008 -6.97608e-008
17.15 -6.98575e-008 -6.98575e-008
17.16 -6.99471e-008 -6.99471e-008
17.17 -7.00298e-008 -7.00298e-008
17.18 -7.01055e-008 -7.01055e-008
17.19 -7.01741e-008 -7.01741e-008
17.2 -7.02358e-008 -7.02358e-008
17.21 -7.02904e-008 -7.02904e-008
17.22 -7.0338e-008 -7.0338e-008
17.23 -7.03786e-008 -7.03786e-008
17.24 -7.04121e-008 -7.04121e-008
17.25 -7.04386e-008 -7.04386e-008
17.26 -7.0458e-008 -7.0458e-008
17.27 -7.04704e-008 -7.04704e-008
17.28 -7.04757e-008 -7.04757e-008
17.29 -7.0474e-008 -7.0474e-008
17.3 -7.04653e-008 -7.04653e-008
17.31 -7.04495e-008 -7.04495e-008
17.32 -7.04266e-008 -7.04266e-008
17.33 -7.03967e-008 -7.03967e-008
17.34 -7.03598e-008 -7.03598e-008
17.35 -7.03159e-008 -7.03159e-008
17.36 -7.02649e-008 -7.02649e-008
17.37 -7.02068e-008 -7.02068e-008
17.38 -7.01418e-008 -7.01418e-008
17.39 -7.00698e-008 -7.00698e-008
17.4 -6.99907e-008 -6.99907e-008
17.41 -6.99046e-008 -6.99046e-008
17.42 -6.98116e-008 -6.98116e-008
17.43 -6.97116e-008 -6.97116e-008
17.44 -6.96046e-008 -6.96046e-008
17.45 -6.94906e-008 -6.94906e-008
17.46 -6.93697e-008 -6.93697e-008
17.47 -6.92418e-008 -6.92418e-008
17.48 -6.91071e-008 -6.91071e-008
17.49 -6.89654e-008 -6.89654e-008
17.5 -6.88168e-008 -6.88168e-008
17.51 -6.86613e-008 -6.86613e-008
17.52 -6.8499e-008 -6.8499e-008
17.53 -6.83298e-008 -6.83298e-008
17.54 -6.81538e-008 -6.81538e-008
17.55 -6.7971e-008 -6.7971e-008
17.56 -6.77814e-008 -6.77814e-008
17.57 -6.7585e-008 -6.7585e-008
17.58 -6.73818e-008 -6.73818e-008
17.59 -6.71719e-008 -6.71719e-008
17.6 -6.69553e-008 -6.69553e-008
17.61 -6.6732e-008 -6.6732e-008
17.62 -6.6502e-008 -6.6502e-008
17.63 -6.62654e-008 -6.62654e-008
17.64 -6.60221e-008 -6.60221e-008
17.65 -6.57722e-008 -6.57722e-008
17.66 -6.55158e-008 -6.55158e-008
17.67 -6.52528e-008 -6.52528e-008
17.68 -6.49833e-008 -6.49833e-008
17.69 -6.47073e-008 -6.47073e-008
17.7 -6.44248e-008 -6.44248e-008
17.71 -6.41359e-008 -6.41359e-008
17.72 -6.38405e-008 -6.38405e-008
17.73 -6.35388e-008 -6.35388e-008
17.74 -6.32307e-008 -6.32307e-008
17.75 -6.29163e-008 -6.29163e-008
17.76 -6.25956e-008 -6.25956e-008
17.77 -6.22687e-008 -6.22687e-008
17.78 -6.19355e-008 -6.19355e-008
17.79 -6.15961e-008 -6.15961e-008
17.8 -6.12506e-008 -6.12506e-008
17.81 -6.08989e-008 -6.08989e-008
17.82 -6.05412e-008 -6.05412e-008
17.83 -6.01774e-008 -6.01774e-008
17.84 -5.98076e-008 -5.98076e-008
17.85 -5.94318e-008 -5.94318e-008
17.86 -5.905e-008 -5.905e-008
17.87 -5.86624e-008 -5.86624e-008
17.88 -5.82689e-008 -5.82689e-008
17.89 -5.78695e-008 -5.78695e-008
17.9 -5.74644e-008 -5.74644e-008
17.91 -5.70535e-008 -5.70535e-008
17.92 -5.66369e-008 -5.66369e-008
17.93 -5.62147e-008 -5.62147e-008
17.94 -5.57868e-008 -5.57868e-008
17.95 -5.53534e-008 -5.53534e-008
17.96 -5.49144e-008 -5.49144e-008
17.97 -5.44699e-008 -5.44699e-008
17.98 -5.402e-008 -5.402e-008
17.99 -5.35647e-008 -5.35647e-008
18 -5.3104e-008 -5.3104e-008
18.01 -5.2638e-008 -5.2638e-008
18.02 -5.21668e-008 -5.21668e-008
18.03 -5.16903e-008 -5.16903e-008
18.04 -5.12087e-008 -5.12087e-008
18.05 -5.07219e-008 -5.07219e-008
18.06 -5.02301e-008 -5.02301e-008
18.07 -4.97333e-008 -4.97333e-008
18.08 -4.92314e-008 -4.92314e-008
18.09 -4.87247e-008 -4.87247e-008
18.1 -4.82131e-008 -4.82131e-008
18.11 -4.76966e-008 -4.76966e-008
18.12 -4.71754e-008 -4.71754e-008
18.13 -4.66495e-008 -4.66495e-008
18.14 -4.61189e-008 -4.61189e-008
18.15 -4.55837e-008 -4.55837e-008
18.16 -4.50439e-008 -4.50439e-008
18.17 -4.44997e-008 -4.44997e-008
18.18 -4.39509e-008 -4.39509e-008
18.19 -4.33978e-008 -4.33978e-008
18.2 -4.28404e-008 -4.28404e-008
18.21 -4.22786e-008 -4.22786e-008
18.22 -4.17127e-008 -4.17127e-008
18.23 -4.11425e-008 -4.11425e-008
18.24 -4.05683e-008 -4.05683e-008
18.25 -3.999e-008 -3.999e-008
18.26 -3.94077e-008 -3.94077e-008
18.27 -3.88214e-008 -3.88214e-008
18.28 -3.82313e-008 -3.82313e-008
18.29 -3.76374e-008 -3.76374e-008
18.3 -3.70396e-008 -3.70396e-008
18.31 -3.64382e-008 -3.64382e-008
18.32 -3.58332e-008 -3.58332e-008
18.33 -3.52245e-008 -3.52245e-008
18.34 -3.46123e-008 -3.46123e-008
18.35 -3.39967e-008 -3.39967e-008
18.36 -3.33777e-008 -3.33777e-008
18.37 -3.27553e-008 -3.27553e-008
18.38 -3.21297e-008 -3.21297e-008
18.39 -3.15008e-008 -3.15008e-008
18.4 -3.08688e-008 -3.08688e-008
18.41 -3.02337e-008 -3.02337e-008
18.42 -2.95956e-008 -2.95956e-008
18.43 -2.89545e-008 -2.89545e-008
18.44 -2.83106e-008 -2.83106e-008
18.45 -2.76638e-008 -2.76638e-008
18.46 -2.70142e-008 -2.70142e-008
18.47 -2.63619e-008 -2.63619e-008
18.48 -2.5707e-008 -2.5707e-008
18.49 -2.50495e-008 -2.50495e-008
18.5 -2.43896e-008 -2.43896e-008
18.51 -2.37271e-008 -2.37271e-008
18.52 -2.30623e-008 -2.30623e-008
18.53 -2.23952e-008 -2.23952e-008
18.54 -2.17259e-008 -2.17259e-008
18.55 -2.10544e-008 -2.10544e-008
18.56 -2.03808e-008 -2.03808e-008
18.57 -1.97051e-008 -1.97051e-008
18.58 -1.90275e-008 -1.90275e-008
18.59 -1.8348e-008 -1.8348e-008
18.6 -1.76666e-008 -1.76666e-008
18.61 -1.69835e-008 -1.69835e-008
18.62 -1.62987e-008 -1.62987e-008
18.63 -1.56122e-008 -1.56122e-008
18.64 -1.49242e-008 -1.49242e-008
18.65 -1.42347e-008 -1.42347e-008
18.66 -1.35437e-008 -1.35437e-008
18.67 -1.28514e-008 -1.28514e-008
18.68 -1.21579e-008 -1.21579e-008
18.69 -1.14631e-008 -1.14631e-008
18.7 -1.07671e-008 -1.07671e-008
18.71 -1.00701e-008 -1.00701e-008
18.72 -9.37211e-009 -9.37211e-009
18.73 -8.67315e-009 -8.67315e-009
18.74 -7.97333e-009 -7.97333e-009
18.75 -7.2727e-009 -7.2727e-009
18.76 -6.57135e-009 -6.57135e-009
18.77 -5.86935e-009 -5.86935e-009
18.78 -5.16675e-009 -5.16675e-009
18.79 -4.46365e-009 -4.46365e-009
18.8 -3.76009e-009 -3.76009e-009
18.81 -3.05616e-009 -3.05616e-009
18.82 -2.35192e-009 -2.35192e-009
18.83 -1.64745e-009 -1.64745e-009
18.84 -9.42809e-010 -9.42809e-010
18.85 -2.38077e-010 -2.38077e-010
18.86 4.66679e-010 4.66679e-010
18.87 1.17139e-009 1.17139e-009
18.88 1.87598e-009 1.87598e-009
18.89 2.58038e-009 2.58038e-009
18.9 3.28453e-009 3.28453e-009
18.91 3.98835e-009 3.98835e-009
18.92 4.69177e-009 4.69177e-009
18.93 5.39472e-009 5.39472e-009
18.94 6.09713e-009 6.09713e-009
18.95 6.79893e-009 6.79893e-009
18.96 7.50005e-009 7.50005e-009
18.97 8.20042e-009 8.20042e-009
18.98 8.89997e-009 8.89997e-009
18.99 9.59863e-009 9.59863e-009
19 1.02963e-008 1.02963e-008
19.01 1.0993e-008 1.0993e-008
19.02 1.16886e-008 1.16886e-008
19.03 1.2383e-008 1.2383e-008
19.04 1.30761e-008 1.30761e-008
19.05 1.3768e-008 1.3768e-008
19.06 1.44585e-008 1.44585e-008
19.07 1.51475e-008 1.51475e-008
19.08 1.5835e-008 1.5835e-008
19.09 1.6521e-008 1.6521e-008
19.1 1.72053e-008 1.72053e-008
19.11 1.78878e-008 1.78878e-008
19.12 1.85686e-008 1.85686e-008
19.13 1.92475e-008 1.92475e-008
19.14 1.99245e-008 1.99245e-008
19.15 2.05995e-008 2.05995e-008
19.16 2.12725e-008 2.12725e-008
19.17 2.19433e-008 2.19433e-008
19.18 2.26119e-008 2.26119e-008
19.19 2.32782e-008 2.32782e-008
19.2 2.39423e-008 2.39423e-008
19.21 2.46039e-008 2.46039e-008
19.22 2.52631e-008 2.52631e-008
19.23 2.59197e-008 2.59197e-008
19.24 2.65738e-008 2.65738e-008
19.25 2.72252e-008 2.72252e-008
19.26 2.78739e-008 2.78739e-008
19.27 2.85198e-008 2.85198e-008
19.28 2.91628e-008 2.91628e-008
19.29 2.98029e-008 2.98029e-008
19.3 3.04401e-008 3.04401e-008
19.31 3.10742e-008 3.10742e-008
19.32 3.17052e-008 3.17052e-008
19.33 3.2333e-008 3.2333e-008
19.34 3.29576e-008 3.29576e-008
19.35 3.35789e-008 3.35789e-008
19.36 3.41968e-008 3.41968e-008
19.37 3.48113e-008 3.48113e-008
19.38 3.54223e-008 3.54223e-008
19.39 3.60298e-008 3.60298e-008
19.4 3.66337e-008 3.66337e-008
19.41 3.72339e-008 3.72339e-008
19.42 3.78304e-008 3.78304e-008
19.43 3.84232e-008 3.84232e-008
19.44 3.9012e-008 3.9012e-008
19.45 3.9597e-008 3.9597e-008
19.46 4.0178e-008 4.0178e-008
19.47 4.0755e-008 4.0755e-008
19.48 4.13279e-008 4.13279e-008
19.49 4.18967e-008 4.18967e-008
19.5 4.24613e-008 4.24613e-008
19.51 4.30217e-008 4.30217e-008
19.52 4.35777e-008 4.35777e-008
19.53 4.41294e-008 4.41294e-008
19.54 4.46767e-008 4.46767e-008
19.55 4.52195e-008 4.52195e-008
19.56 4.57578e-008 4.57578e-008
19.57 4.62915e-008 4.62915e-008
19.58 4.68206e-008 4.68206e-008
19.59 4.7345e-008 4.7345e-008
19.6 4.78647e-008 4.78647e-008
19.61 4.83796e-008 4.83796e-008
19.62 4.88896e-008 4.88896e-008
19.63 4.93948e-008 4.93948e-008
19.64 4.9895e-008 4.9895e-008
19.65 5.03902e-008 5.03902e-008
19.66 5.08804e-008 5.08804e-008
19.67 5.13655e-008 5.13655e-008
19.68 5.18455e-008 5.18455e-008
19.69 5.23202e-008 5.23202e-008
19.7 5.27898e-008 5.27898e-008
19.71 5.3254e-008 5.3254e-008
19.72 5.3713e-008 5.3713e-008
19.73 5.41666e-008 5.41666e-008
19.74 5.46147e-008 5.46147e-008
19.75 5.50574e-008 5.50574e-008
19.76 5.54946e-008 5.54946e-008
19.77 5.59262e-008 5.59262e-008
19.78 5.63523e-008 5.63523e-008
19.79 5.67727e-008 5.67727e-008
19.8 5.71874e-008 5.71874e-008
19.81 5.75964e-008 5.75964e-008
19.82 5.79997e-008 5.79997e-008
19.83 5.83972e-008 5.83972e-008
19.84 5.87888e-008 5.87888e-008
19.85 5.91745e-008 5.91745e-008
19.86 5.95543e-008 5.95543e-008
19.87 5.99282e-008 5.99282e-008
19.88 6.02961e-008 6.02961e-008
19.89 6.06579e-008 6.06579e-008
19.9 6.10137e-008 6.10137e-008
19.91 6.13634e-008 6.13634e-008
19.92 6.17069e-008 6.17069e-008
19.93 6.20443e-008 6.20443e-008
19.94 6.23754e-008 6.23754e-008
19.95 6.27003e-008 6.27003e-008
19.96 6.3019e-008 6.3019e-008
19.97 6.33314e-008 6.33314e-008
19.98 6.36374e-008 6.36374e-008
19.99 6.3937e-008 6.3937e-008
20 6.42303e-008 6.42303e-008
20.01 6.45171e-008 6.45171e-008
20.02 6.47975e-008 6.47975e-008
20.03 6.50714e-008 6.50714e-008
20.04 6.53388e-008 6.53388e-008
20.05 6.55997e-008 6.55997e-008
20.06 6.5854e-008 6.5854e-008
20.07 6.61017e-008 6.61017e-008
20.08 6.63429e-008 6.63429e-008
20.09 6.65773e-008 6.65773e-008
20.1 6.68052e-008 6.68052e-008
20.11 6.70263e-008 6.70263e-008
20.12 6.72407e-008 6.72407e-008
20.13 6.74484e-008 6.74484e-008
20.14 6.76494e-008 6.76494e-008
20.15 6.78436e-008 6.78436e-008
20.16 6.8031e-008 6.8031e-008
20.17 6.82117e-008 6.82117e-008
20.18 6.83855e-008 6.83855e-008
20.19 6.85524e-008 6.85524e-008
20.2 6.87125e-008 6.87125e-008
20.21 6.88657e-008 6.88657e-008
20.22 6.90121e-008 6.90121e-008
20.23 6.91515e-008 6.91515e-008
20.24 6.92841e-008 6.92841e-008
20.25 6.94097e-008 6.94097e-008
20.26 6.95283e-008 6.95283e-008
20.27 6.964e-008 6.964e-008
20.28 6.97448e-008 6.97448e-008
20.29 6.98425e-008 6.98425e-008
20.3 6.99333e-008 6.99333e-008
20.31 7.00171e-008 7.00171e-008
20.32 7.00939e-008 7.00939e-008
20.33 7.01637e-008 7.01637e-008
20.34 7.02264e-008 7.02264e-008
20.35 7.02822e-008 7.02822e-008
20.36 7.03309e-008 7.03309e-008
20.37 7.03726e-008 7.03726e-008
20.38 7.04072e-008 7.04072e-008
20.39 7.04348e-008 7.04348e-008
20.4 7.04554e-008 7.04554e-008
20.41 7.04689e-008 7.04689e-008
20.42 7.04753e-008 7.04753e-008
20.43 7.04748e-008 7.04748e-008
20.44 7.04671e-008 7.04671e-008
20.45 7.04525e-008 7.04525e-008
20.46 7.04307e-008 7.04307e-008
20.47 7.0402e-008 7.0402e-008
20.48 7.03662e-008 7.03662e-008
20.49 7.03233e-008 7.03233e-008
20.5 7.02735e-008 7.02735e-008
20.51 7.02166e-008 7.02166e-008
20.52 7.01526e-008 7.01526e-008
20.53 7.00817e-008 7.00817e-008
20.54 7.00038e-008 7.00038e-008
20.55 6.99188e-008 6.99188e-008
20.56 6.98269e-008 6.98269e-008
20.57 6.9728e-008 6.9728e-008
20.58 6.96221e-008 6.96221e-008
20.59 6.95092e-008 6.95092e-008
20.6 6.93894e-008 6.93894e-008
20.61 6.92627e-008 6.92627e-008
20.62 6.9129e-008 6.9129e-008
20.63 6.89884e-008 6.89884e-008
20.64 6.88409e-008 6.88409e-008
20.65 6.86865e-008 6.86865e-008
20.66 6.85253e-008 6.85253e-008
20.67 6.83572e-008 6.83572e-008
20.68 6.81823e-008 6.81823e-008
20.69 6.80006e-008 6.80006e-008
20.7 6.7812e-008 6.7812e-008
20.71 6.76167e-008 6.76167e-008
20.72 6.74146e-008 6.74146e-008
20.73 6.72058e-008 6.72058e-008
20.74 6.69902e-008 6.69902e-008
20.75 6.6768e-008 6.6768e-008
20.76 6.65391e-008 6.65391e-008
20.77 6.63035e-008 6.63035e-008
20.78 6.60613e-008 6.60613e-008
20.79 6.58125e-008 6.58125e-008
20.8 6.55571e-008 6.55571e-008
20.81 6.52951e-008 6.52951e-008
20.82 6.50267e-008 6.50267e-008
20.83 6.47517e-008 6.47517e-008
20.84 6.44702e-008 6.44702e-008
20.85 6.41823e-008 6.41823e-008
20.86 6.3888e-008 6.3888e-008
20.87 6.35873e-008 6.35873e-008
20.88 6.32802e-008 6.32802e-008
20.89 6.29668e-008 6.29668e-008
20.9 6.26471e-008 6.26471e-008
20.91 6.23212e-008 6.23212e-008
20.92 6.1989e-008 6.1989e-008
20.93 6.16506e-008 6.16506e-008
20.94 6.1306e-008 6.1306e-008
20.95 6.09554e-008 6.09554e-008
20.96 6.05986e-008 6.05986e-008
20.97 6.02357e-008 6.02357e-008
20.98 5.98669e-008 5.98669e-008
20.99 5.9492e-008 5.9492e-008
21 5.91112e-008 5.91112e-008
21.01 5.87245e-008 5.87245e-008
21.02 5.83319e-008 5.83319e-008
21.03 5.79335e-008 5.79335e-008
21.04 5.75293e-008 5.75293e-008
21.05 5.71193e-008 5.71193e-008
21.06 5.67037e-008 5.67037e-008
21.07 5.62823e-008 5.62823e-008
21.08 5.58554e-008 5.58554e-008
21.09 5.54228e-008 5.54228e-008
21.1 5.49847e-008 5.49847e-008
21.11 5.45411e-008 5.45411e-008
21.12 5.4092e-008 5.4092e-008
21.13 5.36376e-008 5.36376e-008
21.14 5.31778e-008 5.31778e-008
21.15 5.27126e-008 5.27126e-008
21.16 5.22422e-008 5.22422e-008
21.17 5.17666e-008 5.17666e-008
21.18 5.12858e-008 5.12858e-008
21.19 5.07998e-008 5.07998e-008
21.2 5.03088e-008 5.03088e-008
21.21 4.98127e-008 4.98127e-008
21.22 4.93117e-008 4.93117e-008
21.23 4.88057e-008 4.88057e-008
21.24 4.82949e-008 4.82949e-008
21.25 4.77792e-008 4.77792e-008
21.26 4.72587e-008 4.72587e-008
21.27 4.67336e-008 4.67336e-008
21.28 4.62037e-008 4.62037e-008
21.29 4.56692e-008 4.56692e-008
21.3 4.51302e-008 4.51302e-008
21.31 4.45866e-008 4.45866e-008
21.32 4.40386e-008 4.40386e-008
21.33 4.34862e-008 4.34862e-008
21.34 4.29295e-008 4.29295e-008
21.35 4.23684e-008 4.23684e-008
21.36 4.18031e-008 4.18031e-008
21.37 4.12336e-008 4.12336e-008
21.38 4.066e-008 4.066e-008
21.39 4.00824e-008 4.00824e-008
21.4 3.95007e-008 3.95007e-008
21.41 3.89151e-008 3.89151e-008
21.42 3.83256e-008 3.83256e-008
21.43 3.77322e-008 3.77322e-008
21.44 3.71351e-008 3.71351e-008
21.45 3.65343e-008 3.65343e-008
21.46 3.59298e-008 3.59298e-008
21.47 3.53217e-008 3.53217e-008
21.48 3.47101e-008 3.47101e-008
21.49 3.4095e-008 3.4095e-008
21.5 3.34765e-008 3.34765e-008
21.51 3.28547e-008 3.28547e-008
21.52 3.22295e-008 3.22295e-008
21.53 3.16012e-008 3.16012e-008
21.54 3.09697e-008 3.09697e-008
21.55 3.03351e-008 3.03351e-008
21.56 2.96974e-008 2.96974e-008
21.57 2.90568e-008 2.90568e-008
21.58 2.84133e-008 2.84133e-008
21.59 2.7767e-008 2.7767e-008
21.6 2.71178e-008 2.71178e-008
21.61 2.6466e-008 2.6466e-008
21.62 2.58115e-008 2.58115e-008
21.63 2.51544e-008 2.51544e-008
21.64 2.44948e-008 2.44948e-008
21.65 2.38328e-008 2.38328e-008
21.66 2.31684e-008 2.31684e-008
21.67 2.25016e-008 2.25016e-008
21.68 2.18327e-008 2.18327e-008
21.69 2.11615e-008 2.11615e-008
21.7 2.04882e-008 2.04882e-008
21.71 1.98129e-008 1.98129e-008
21.72 1.91356e-008 1.91356e-008
21.73 1.84563e-008 1.84563e-008
21.74 1.77752e-008 1.77752e-008
21.75 1.70924e-008 1.70924e-008
21.76 1.64078e-008 1.64078e-008
21.77 1.57216e-008 1.57216e-008
21.78 1.50339e-008 1.50339e-008
21.79 1.43446e-008 1.43446e-008
21.8 1.36539e-008 1.36539e-008
21.81 1.29618e-008 1.29618e-008
21.82 1.22684e-008 1.22684e-008
21.83 1.15738e-008 1.15738e-008
21.84 1.08781e-008 1.08781e-008
21.85 1.01812e-008 1.01812e-008
21.86 9.48334e-009 9.48334e-009
21.87 8.78453e-009 8.78453e-009
21.88 8.08484e-009 8.08484e-009
21.89 7.38434e-009 7.38434e-009
21.9 6.6831e-009 6.6831e-009
21.91 5.98119e-009 5.98119e-009
21.92 5.27869e-009 5.27869e-009
21.93 4.57566e-009 4.57566e-009
21.94 3.87217e-009 3.87217e-009
21.95 3.16829e-009 3.16829e-009
21.96 2.4641e-009 2.4641e-009
21.97 1.75966e-009 1.75966e-009
21.98 1.05504e-009 1.05504e-009
21.99 3.50319e-010 3.50319e-010
22 -3.54437e-010 -3.54437e-010
22.01 -1.05916e-009 -1.05916e-009
22.02 -1.76377e-009 -1.76377e-009
22.03 -2.46821e-009 -2.46821e-009
22.04 -3.17241e-009 -3.17241e-009
22.05 -3.87628e-009 -3.87628e-009
22.06 -4.57977e-009 -4.57977e-009
22.07 -5.2828e-009 -5.2828e-009
22.08 -5.9853e-009 -5.9853e-009
22.09 -6.6872e-009 -6.6872e-009
22.1 -7.38843e-009 -7.38843e-009
22.11 -8.08893e-009 -8.08893e-009
22.12 -8.78861e-009 -8.78861e-009
22.13 -9.48742e-009 -9.48742e-009
22.14 -1.01853e-008 -1.01853e-008
22.15 -1.08821e-008 -1.08821e-008
22.16 -1.15779e-008 -1.15779e-008
22.17 -1.22725e-008 -1.22725e-008
22.18 -1.29658e-008 -1.29658e-008
22.19 -1.36579e-008 -1.36579e-008
22.2 -1.43486e-008 -1.43486e-008
22.21 -1.50379e-008 -1.50379e-008
22.22 -1.57256e-008 -1.57256e-008
22.23 -1.64118e-008 -1.64118e-008
22.24 -1.70964e-008 -1.70964e-008
22.25 -1.77792e-008 -1.77792e-008
22.26 -1.84603e-008 -1.84603e-008
22.27 -1.91395e-008 -1.91395e-008
22.28 -1.98168e-008 -1.98168e-008
22.29 -2.04921e-008 -2.04921e-008
22.3 -2.11654e-008 -2.11654e-008
22.31 -2.18366e-008 -2.18366e-008
22.32 -2.25055e-008 -2.25055e-008
22.33 -2.31723e-008 -2.31723e-008
22.34 -2.38367e-008 -2.38367e-008
22.35 -2.44987e-008 -2.44987e-008
22.36 -2.51583e-008 -2.51583e-008
22.37 -2.58153e-008 -2.58153e-008
22.38 -2.64698e-008 -2.64698e-008
22.39 -2.71216e-008 -2.71216e-008
22.4 -2.77707e-008 -2.77707e-008
22.41 -2.84171e-008 -2.84171e-008
22.42 -2.90606e-008 -2.90606e-008
22.43 -2.97012e-008 -2.97012e-008
22.44 -3.03388e-008 -3.03388e-008
22.45 -3.09734e-008 -3.09734e-008
22.46 -3.16049e-008 -3.16049e-008
22.47 -3.22332e-008 -3.22332e-008
22.48 -3.28583e-008 -3.28583e-008
22.49 -3.34801e-008 -3.34801e-008
22.5 -3.40986e-008 -3.40986e-008
22.51 -3.47137e-008 -3.47137e-008
22.52 -3.53253e-008 -3.53253e-008
22.53 -3.59333e-008 -3.59333e-008
22.54 -3.65378e-008 -3.65378e-008
22.55 -3.71386e-008 -3.71386e-008
22.56 -3.77357e-008 -3.77357e-008
22.57 -3.8329e-008 -3.8329e-008
22.58 -3.89185e-008 -3.89185e-008
22.59 -3.95041e-008 -3.95041e-008
22.6 -4.00857e-008 -4.00857e-008
22.61 -4.06634e-008 -4.06634e-008
22.62 -4.1237e-008 -4.1237e-008
22.63 -4.18064e-008 -4.18064e-008
22.64 -4.23717e-008 -4.23717e-008
22.65 -4.29327e-008 -4.29327e-008
22.66 -4.34895e-008 -4.34895e-008
22.67 -4.40418e-008 -4.40418e-008
22.68 -4.45898e-008 -4.45898e-008
22.69 -4.51334e-008 -4.51334e-008
22.7 -4.56724e-008 -4.56724e-008
22.71 -4.62068e-008 -4.62068e-008
22.72 -4.67367e-008 -4.67367e-008
22.73 -4.72618e-008 -4.72618e-008
22.74 -4.77822e-008 -4.77822e-008
22.75 -4.82979e-008 -4.82979e-008
22.76 -4.88087e-008 -4.88087e-008
22.77 -4.93146e-008 -4.93146e-008
22.78 -4.98156e-008 -4.98156e-008
22.79 -5.03117e-008 -5.03117e-008
22.8 -5.08027e-008 -5.08027e-008
22.81 -5.12886e-008 -5.12886e-008
22.82 -5.17694e-008 -5.17694e-008
22.83 -5.2245e-008 -5.2245e-008
22.84 -5.27154e-008 -5.27154e-008
22.85 -5.31805e-008 -5.31805e-008
22.86 -5.36403e-008 -5.36403e-008
22.87 -5.40947e-008 -5.40947e-008
22.88 -5.45437e-008 -5.45437e-008
22.89 -5.49873e-008 -5.49873e-008
22.9 -5.54253e-008 -5.54253e-008
22.91 -5.58579e-008 -5.58579e-008
22.92 -5.62848e-008 -5.62848e-008
22.93 -5.67061e-008 -5.67061e-008
22.94 -5.71218e-008 -5.71218e-008
22.95 -5.75317e-008 -5.75317e-008
22.96 -5.79359e-008 -5.79359e-008
22.97 -5.83342e-008 -5.83342e-008
22.98 -5.87268e-008 -5.87268e-008
22.99 -5.91135e-008 -5.91135e-008
23 -5.94942e-008 -5.94942e-008
23.01 -5.9869e-008 -5.9869e-008
23.02 -6.02379e-008 -6.02379e-008
23.03 -6.06007e-008 -6.06007e-008
23.04 -6.09574e-008 -6.09574e-008
23.05 -6.13081e-008 -6.13081e-008
23.06 -6.16526e-008 -6.16526e-008
23.07 -6.19909e-008 -6.19909e-008
23.08 -6.23231e-008 -6.23231e-008
23.09 -6.2649e-008 -6.2649e-008
23.1 -6.29687e-008 -6.29687e-008
23.11 -6.3282e-008 -6.3282e-008
23.12 -6.35891e-008 -6.35891e-008
23.13 -6.38897e-008 -6.38897e-008
23.14 -6.4184e-008 -6.4184e-008
23.15 -6.44719e-008 -6.44719e-008
23.16 -6.47533e-008 -6.47533e-008
23.17 -6.50282e-008 -6.50282e-008
23.18 -6.52967e-008 -6.52967e-008
23.19 -6.55586e-008 -6.55586e-008
23.2 -6.5814e-008 -6.5814e-008
23.21 -6.60627e-008 -6.60627e-008
23.22 -6.63049e-008 -6.63049e-008
23.23 -6.65404e-008 -6.65404e-008
23.24 -6.67693e-008 -6.67693e-008
23.25 -6.69915e-008 -6.69915e-008
23.26 -6.7207e-008 -6.7207e-008
23.27 -6.74158e-008 -6.74158e-008
23.28 -6.76179e-008 -6.76179e-008
23.29 -6.78131e-008 -6.78131e-008
23.3 -6.80016e-008 -6.80016e-008
23.31 -6.81833e-008 -6.81833e-008
23.32 -6.83582e-008 -6.83582e-008
23.33 -6.85263e-008 -6.85263e-008
23.34 -6.86875e-008 -6.86875e-008
23.35 -6.88418e-008 -6.88418e-008
23.36 -6.89892e-008 -6.89892e-008
23.37 -6.91298e-008 -6.91298e-008
23.38 -6.92634e-008 -6.92634e-008
23.39 -6.93901e-008 -6.93901e-008
23.4 -6.95099e-008 -6.95099e-008
23.41 -6.96227e-008 -6.96227e-008
23.42 -6.97285e-008 -6.97285e-008
23.43 -6.98274e-008 -6.98274e-008
23.44 -6.99193e-008 -6.99193e-008
23.45 -7.00042e-008 -7.00042e-008
23.46 -7.00821e-008 -7.00821e-008
23.47 -7.0153e-008 -7.0153e-008
23.48 -7.02169e-008 -7.02169e-008
23.49 -7.02738e-008 -7.02738e-008
23.5 -7.03236e-008 -7.03236e-008
23.51 -7.03664e-008 -7.03664e-008
23.52 -7.04022e-008 -7.04022e-008
23.53 -7.04309e-008 -7.04309e-008
23.54 -7.04526e-008 -7.04526e-008
23.55 -7.04672e-008 -7.04672e-008
23.56 -7.04748e-008 -7.04748e-008
23.57 -7.04753e-008 -7.04753e-008
23.58 -7.04688e-008 -7.04688e-008
23.59 -7.04553e-008 -7.04553e-008
23.6 -7.04347e-008 -7.04347e-008
23.61 -7.0407e-008 -7.0407e-008
23.62 -7.03723e-008 -7.03723e-008
23.63 -7.03306e-008 -7.03306e-008
23.64 -7.02819e-008 -7.02819e-008
23.65 -7.02261e-008 -7.02261e-008
23.66 -7.01633e-008 -7.01633e-008
23.67 -7.00935e-008 -7.00935e-008
23.68 -7.00166e-008 -7.00166e-008
23.69 -6.99328e-008 -6.99328e-008
23.7 -6.9842e-008 -6.9842e-008
23.71 -6.97442e-008 -6.97442e-008
23.72 -6.96394e-008 -6.96394e-008
23.73 -6.95276e-008 -6.95276e-008
23.74 -6.94089e-008 -6.94089e-008
23.75 -6.92833e-008 -6.92833e-008
23.76 -6.91507e-008 -6.91507e-008
23.77 -6.90113e-008 -6.90113e-008
23.78 -6.88649e-008 -6.88649e-008
23.79 -6.87116e-008 -6.87116e-008
23.8 -6.85515e-008 -6.85515e-008
23.81 -6.83845e-008 -6.83845e-008
23.82 -6.82106e-008 -6.82106e-008
23.83 -6.803e-008 -6.803e-008
23.84 -6.78425e-008 -6.78425e-008
23.85 -6.76483e-008 -6.76483e-008
23.86 -6.74473e-008 -6.74473e-008
23.87 -6.72395e-008 -6.72395e-008
23.88 -6.7025e-008 -6.7025e-008
23.89 -6.68038e-008 -6.68038e-008
23.9 -6.6576e-008 -6.6576e-008
23.91 -6.63415e-008 -6.63415e-008
23.92 -6.61003e-008 -6.61003e-008
23.93 -6.58526e-008 -6.58526e-008
23.94 -6.55982e-008 -6.55982e-008
23.95 -6.53373e-008 -6.53373e-008
23.96 -6.50699e-008 -6.50699e-008
23.97 -6.47959e-008 -6.47959e-008
23.98 -6.45155e-008 -6.45155e-008
23.99 -6.42286e-008 -6.42286e-008
24 -6.39353e-008 -6.39353e-008
24.01 -6.36356e-008 -6.36356e-008
24.02 -6.33296e-008 -6.33296e-008
24.03 -6.30172e-008 -6.30172e-008
24.04 -6.26985e-008 -6.26985e-008
24.05 -6.23735e-008 -6.23735e-008
24.06 -6.20423e-008 -6.20423e-008
24.07 -6.17049e-008 -6.17049e-008
24.08 -6.13613e-008 -6.13613e-008
24.09 -6.10116e-008 -6.10116e-008
24.1 -6.06558e-008 -6.06558e-008
24.11 -6.02939e-008 -6.02939e-008
24.12 -5.9926e-008 -5.9926e-008
24.13 -5.95521e-008 -5.95521e-008
24.14 -5.91723e-008 -5.91723e-008
24.15 -5.87865e-008 -5.87865e-008
24.16 -5.83948e-008 -5.83948e-008
24.17 -5.79974e-008 -5.79974e-008
24.18 -5.75941e-008 -5.75941e-008
24.19 -5.7185e-008 -5.7185e-008
24.2 -5.67703e-008 -5.67703e-008
24.21 -5.63498e-008 -5.63498e-008
24.22 -5.59237e-008 -5.59237e-008
24.23 -5.54921e-008 -5.54921e-008
24.24 -5.50548e-008 -5.50548e-008
24.25 -5.46121e-008 -5.46121e-008
24.26 -5.41639e-008 -5.41639e-008
24.27 -5.37103e-008 -5.37103e-008
24.28 -5.32514e-008 -5.32514e-008
24.29 -5.27871e-008 -5.27871e-008
24.3 -5.23175e-008 -5.23175e-008
24.31 -5.18427e-008 -5.18427e-008
24.32 -5.13627e-008 -5.13627e-008
24.33 -5.08775e-008 -5.08775e-008
24.34 -5.03873e-008 -5.03873e-008
24.35 -4.98921e-008 -4.98921e-008
24.36 -4.93918e-008 -4.93918e-008
24.37 -4.88866e-008 -4.88866e-008
24.38 -4.83766e-008 -4.83766e-008
24.39 -4.78617e-008 -4.78617e-008
24.4 -4.7342e-008 -4.7342e-008
24.41 -4.68175e-008 -4.68175e-008
24.42 -4.62884e-008 -4.62884e-008
24.43 -4.57547e-008 -4.57547e-008
24.44 -4.52164e-008 -4.52164e-008
24.45 -4.46735e-008 -4.46735e-008
24.46 -4.41262e-008 -4.41262e-008
24.47 -4.35745e-008 -4.35745e-008
24.48 -4.30184e-008 -4.30184e-008
24.49 -4.2458e-008 -4.2458e-008
24.5 -4.18934e-008 -4.18934e-008
24.51 -4.13246e-008 -4.13246e-008
24.52 -4.07517e-008 -4.07517e-008
24.53 -4.01746e-008 -4.01746e-008
24.54 -3.95936e-008 -3.95936e-008
24.55 -3.90086e-008 -3.90086e-008
24.56 -3.84197e-008 -3.84197e-008
24.57 -3.7827e-008 -3.7827e-008
24.58 -3.72304e-008 -3.72304e-008
24.59 -3.66302e-008 -3.66302e-008
24.6 -3.60263e-008 -3.60263e-008
24.61 -3.54188e-008 -3.54188e-008
24.62 -3.48077e-008 -3.48077e-008
24.63 -3.41932e-008 -3.41932e-008
24.64 -3.35752e-008 -3.35752e-008
24.65 -3.29539e-008 -3.29539e-008
24.66 -3.23293e-008 -3.23293e-008
24.67 -3.17015e-008 -3.17015e-008
24.68 -3.10705e-008 -3.10705e-008
24.69 -3.04364e-008 -3.04364e-008
24.7 -2.97992e-008 -2.97992e-008
24.71 -2.91591e-008 -2.91591e-008
24.72 -2.8516e-008 -2.8516e-008
24.73 -2.78701e-008 -2.78701e-008
24.74 -2.72214e-008 -2.72214e-008
24.75 -2.657e-008 -2.657e-008
24.76 -2.59159e-008 -2.59159e-008
24.77 -2.52592e-008 -2.52592e-008
24.78 -2.46001e-008 -2.46001e-008
24.79 -2.39384e-008 -2.39384e-008
24.8 -2.32744e-008 -2.32744e-008
24.81 -2.2608e-008 -2.2608e-008
24.82 -2.19394e-008 -2.19394e-008
24.83 -2.12685e-008 -2.12685e-008
24.84 -2.05956e-008 -2.05956e-008
24.85 -1.99206e-008 -1.99206e-008
24.86 -1.92436e-008 -1.92436e-008
24.87 -1.85646e-008 -1.85646e-008
24.88 -1.78838e-008 -1.78838e-008
24.89 -1.72013e-008 -1.72013e-008
24.9 -1.6517e-008 -1.6517e-008
24.91 -1.5831e-008 -1.5831e-008
24.92 -1.51435e-008 -1.51435e-008
24.93 -1.44545e-008 -1.44545e-008
24.94 -1.3764e-008 -1.3764e-008
24.95 -1.30721e-008 -1.30721e-008
24.96 -1.23789e-008 -1.23789e-008
24.97 -1.16845e-008 -1.16845e-008
24.98 -1.09889e-008 -1.09889e-008
24.99 -1.02923e-008 -1.02923e-008
25 -9.59455e-009 -9.59455e-009
25.01 -8.89589e-009 -8.89589e-009
25.02 -8.19633e-009 -8.19633e-009
25.03 -7.49596e-009 -7.49596e-009
25.04 -6.79483e-009 -6.79483e-009
25.05 -6.09303e-009 -6.09303e-009
25.06 -5.39061e-009 -5.39061e-009
25.07 -4.68766e-009 -4.68766e-009
25.08 -3.98424e-009 -3.98424e-009
25.09 -3.28042e-009 -3.28042e-009
25.1 -2.57627e-009 -2.57627e-009
25.11 -1.87186e-009 -1.87186e-009
25.12 -1.16727e-009 -1.16727e-009
25.13 -4.62561e-010 -4.62561e-010
25.14 2.42195e-010 2.42195e-010
25.15 9.46926e-010 9.46926e-010
25.16 1.65156e-009 1.65156e-009
25.17 2.35603e-009 2.35603e-009
25.18 3.06027e-009 3.06027e-009
25.19 3.7642e-009 3.7642e-009
25.2 4.46775e-009 4.46775e-009
25.21 5.17086e-009 5.17086e-009
25.22 5.87345e-009 5.87345e-009
25.23 6.57545e-009 6.57545e-009
25.24 7.2768e-009 7.2768e-009
25.25 7.97742e-009 7.97742e-009
25.26 8.67724e-009 8.67724e-009
25.27 9.37619e-009 9.37619e-009
25.28 1.00742e-008 1.00742e-008
25.29 1.07712e-008 1.07712e-008
25.3 1.14671e-008 1.14671e-008
25.31 1.21619e-008 1.21619e-008
25.32 1.28555e-008 1.28555e-008
25.33 1.35478e-008 1.35478e-008
25.34 1.42387e-008 1.42387e-008
25.35 1.49282e-008 1.49282e-008
25.36 1.56162e-008 1.56162e-008
25.37 1.63027e-008 1.63027e-008
25.38 1.69875e-008 1.69875e-008
25.39 1.76706e-008 1.76706e-008
25.4 1.83519e-008 1.83519e-008
25.41 1.90315e-008 1.90315e-008
25.42 1.97091e-008 1.97091e-008
25.43 2.03847e-008 2.03847e-008
25.44 2.10583e-008 2.10583e-008
25.45 2.17298e-008 2.17298e-008
25.46 2.23992e-008 2.23992e-008
25.47 2.30662e-008 2.30662e-008
25.48 2.3731e-008 2.3731e-008
25.49 2.43934e-008 2.43934e-008
25.5 2.50534e-008 2.50534e-008
25.51 2.57109e-008 2.57109e-008
25.52 2.63657e-008 2.63657e-008
25.53 2.7018e-008 2.7018e-008
25.54 2.76675e-008 2.76675e-008
25.55 2.83143e-008 2.83143e-008
25.56 2.89583e-008 2.89583e-008
25.57 2.95993e-008 2.95993e-008
25.58 3.02374e-008 3.02374e-008
25.59 3.08725e-008 3.08725e-008
25.6 3.15045e-008 3.15045e-008
25.61 3.21333e-008 3.21333e-008
25.62 3.2759e-008 3.2759e-008
25.63 3.33813e-008 3.33813e-008
25.64 3.40003e-008 3.40003e-008
25.65 3.46159e-008 3.46159e-008
25.66 3.52281e-008 3.52281e-008
25.67 3.58367e-008 3.58367e-008
25.68 3.64417e-008 3.64417e-008
25.69 3.70431e-008 3.70431e-008
25.7 3.76408e-008 3.76408e-008
25.71 3.82348e-008 3.82348e-008
25.72 3.88249e-008 3.88249e-008
25.73 3.94111e-008 3.94111e-008
25.74 3.99934e-008 3.99934e-008
25.75 4.05717e-008 4.05717e-008
25.76 4.11459e-008 4.11459e-008
25.77 4.1716e-008 4.1716e-008
25.78 4.22819e-008 4.22819e-008
25.79 4.28437e-008 4.28437e-008
25.8 4.34011e-008 4.34011e-008
25.81 4.39542e-008 4.39542e-008
25.82 4.45029e-008 4.45029e-008
25.83 4.50471e-008 4.50471e-008
25.84 4.55868e-008 4.55868e-008
25.85 4.6122e-008 4.6122e-008
25.86 4.66526e-008 4.66526e-008
25.87 4.71785e-008 4.71785e-008
25.88 4.76997e-008 4.76997e-008
25.89 4.82161e-008 4.82161e-008
25.9 4.87277e-008 4.87277e-008
25.91 4.92344e-008 4.92344e-008
25.92 4.97362e-008 4.97362e-008
25.93 5.0233e-008 5.0233e-008
25.94 5.07248e-008 5.07248e-008
25.95 5.12115e-008 5.12115e-008
25.96 5.16931e-008 5.16931e-008
25.97 5.21696e-008 5.21696e-008
25.98 5.26408e-008 5.26408e-008
25.99 5.31067e-008 5.31067e-008
26 5.35674e-008 5.35674e-008
26.01 5.40227e-008 5.40227e-008
26.02 5.44726e-008 5.44726e-008
26.03 5.4917e-008 5.4917e-008
26.04 5.53559e-008 5.53559e-008
26.05 5.57894e-008 5.57894e-008
26.06 5.62172e-008 5.62172e-008
26.07 5.66394e-008 5.66394e-008
26.08 5.70559e-008 5.70559e-008
26.09 5.74668e-008 5.74668e-008
26.1 5.78719e-008 5.78719e-008
26.11 5.82712e-008 5.82712e-008
26.12 5.86647e-008 5.86647e-008
26.13 5.90523e-008 5.90523e-008
26.14 5.9434e-008 5.9434e-008
26.15 5.98098e-008 5.98098e-008
26.16 6.01795e-008 6.01795e-008
26.17 6.05433e-008 6.05433e-008
26.18 6.0901e-008 6.0901e-008
26.19 6.12526e-008 6.12526e-008
26.2 6.15981e-008 6.15981e-008
26.21 6.19375e-008 6.19375e-008
26.22 6.22706e-008 6.22706e-008
26.23 6.25975e-008 6.25975e-008
26.24 6.29182e-008 6.29182e-008
26.25 6.32325e-008 6.32325e-008
26.26 6.35406e-008 6.35406e-008
26.27 6.38423e-008 6.38423e-008
26.28 6.41376e-008 6.41376e-008
26.29 6.44265e-008 6.44265e-008
26.3 6.47089e-008 6.47089e-008
26.31 6.49849e-008 6.49849e-008
26.32 6.52544e-008 6.52544e-008
26.33 6.55173e-008 6.55173e-008
26.34 6.57737e-008 6.57737e-008
26.35 6.60235e-008 6.60235e-008
26.36 6.62668e-008 6.62668e-008
26.37 6.65034e-008 6.65034e-008
26.38 6.67333e-008 6.67333e-008
26.39 6.69566e-008 6.69566e-008
26.4 6.71732e-008 6.71732e-008
26.41 6.7383e-008 6.7383e-008
26.42 6.75861e-008 6.75861e-008
26.43 6.77825e-008 6.77825e-008
26.44 6.79721e-008 6.79721e-008
26.45 6.81549e-008 6.81549e-008
26.46 6.83308e-008 6.83308e-008
26.47 6.85e-008 6.85e-008
26.48 6.86623e-008 6.86623e-008
26.49 6.88177e-008 6.88177e-008
26.5 6.89662e-008 6.89662e-008
26.51 6.91079e-008 6.91079e-008
26.52 6.92426e-008 6.92426e-008
26.53 6.93704e-008 6.93704e-008
26.54 6.94913e-008 6.94913e-008
26.55 6.96052e-008 6.96052e-008
26.56 6.97122e-008 6.97122e-008
26.57 6.98121e-008 6.98121e-008
26.58 6.99052e-008 6.99052e-008
26.59 6.99912e-008 6.99912e-008
26.6 7.00702e-008 7.00702e-008
26.61 7.01422e-008 7.01422e-008
26.62 7.02072e-008 7.02072e-008
26.63 7.02652e-008 7.02652e-008
26.64 7.03161e-008 7.03161e-008
26.65 7.03601e-008 7.03601e-008
26.66 7.03969e-008 7.03969e-008
26.67 7.04268e-008 7.04268e-008
26.68 7.04496e-008 7.04496e-008
26.69 7.04653e-008 7.04653e-008
26.7 7.04741e-008 7.04741e-008
26.71 7.04757e-008 7.04757e-008
26.72 7.04703e-008 7.04703e-008
26.73 7.04579e-008 7.04579e-008
26.74 7.04384e-008 7.04384e-008
26.75 7.04119e-008 7.04119e-008
26.76 7.03783e-008 7.03783e-008
26.77 7.03377e-008 7.03377e-008
26.78 7.02901e-008 7.02901e-008
26.79 7.02354e-008 7.02354e-008
26.8 7.01738e-008 7.01738e-008
26.81 7.01051e-008 7.01051e-008
26.82 7.00293e-008 7.00293e-008
26.83 6.99466e-008 6.99466e-008
26.84 6.98569e-008 6.98569e-008
26.85 6.97602e-008 6.97602e-008
26.86 6.96565e-008 6.96565e-008
26.87 6.95459e-008 6.95459e-008
26.88 6.94283e-008 6.94283e-008
26.89 6.93038e-008 6.93038e-008
26.9 6.91723e-008 6.91723e-008
26.91 6.90339e-008 6.90339e-008
26.92 6.88886e-008 6.88886e-008
26.93 6.87365e-008 6.87365e-008
26.94 6.85774e-008 6.85774e-008
26.95 6.84115e-008 6.84115e-008
26.96 6.82388e-008 6.82388e-008
26.97 6.80592e-008 6.80592e-008
26.98 6.78728e-008 6.78728e-008
26.99 6.76796e-008 6.76796e-008
27 6.74797e-008 6.74797e-008
27.01 6.7273e-008 6.7273e-008
27.02 6.70596e-008 6.70596e-008
27.03 6.68395e-008 6.68395e-008
27.04 6.66127e-008 6.66127e-008
27.05 6.63793e-008 6.63793e-008
27.06 6.61392e-008 6.61392e-008
27.07 6.58925e-008 6.58925e-008
27.08 6.56392e-008 6.56392e-008
27.09 6.53793e-008 6.53793e-008
27.1 6.51129e-008 6.51129e-008
27.11 6.484e-008 6.484e-008
27.12 6.45606e-008 6.45606e-008
27.13 6.42747e-008 6.42747e-008
27.14 6.39824e-008 6.39824e-008
27.15 6.36838e-008 6.36838e-008
27.16 6.33787e-008 6.33787e-008
27.17 6.30673e-008 6.30673e-008
27.18 6.27496e-008 6.27496e-008
27.19 6.24257e-008 6.24257e-008
27.2 6.20955e-008 6.20955e-008
27.21 6.17591e-008 6.17591e-008
27.22 6.14165e-008 6.14165e-008
27.23 6.10677e-008 6.10677e-008
27.24 6.07129e-008 6.07129e-008
27.25 6.0352e-008 6.0352e-008
27.26 5.9985e-008 5.9985e-008
27.27 5.96121e-008 5.96121e-008
27.28 5.92332e-008 5.92332e-008
27.29 5.88483e-008 5.88483e-008
27.3 5.84576e-008 5.84576e-008
27.31 5.80611e-008 5.80611e-008
27.32 5.76587e-008 5.76587e-008
27.33 5.72506e-008 5.72506e-008
27.34 5.68367e-008 5.68367e-008
27.35 5.64172e-008 5.64172e-008
27.36 5.5992e-008 5.5992e-008
27.37 5.55612e-008 5.55612e-008
27.38 5.51248e-008 5.51248e-008
27.39 5.4683e-008 5.4683e-008
27.4 5.42357e-008 5.42357e-008
27.41 5.37829e-008 5.37829e-008
27.42 5.33248e-008 5.33248e-008
27.43 5.28614e-008 5.28614e-008
27.44 5.23926e-008 5.23926e-008
27.45 5.19186e-008 5.19186e-008
27.46 5.14395e-008 5.14395e-008
27.47 5.09551e-008 5.09551e-008
27.48 5.04657e-008 5.04657e-008
27.49 4.99713e-008 4.99713e-008
27.5 4.94718e-008 4.94718e-008
27.51 4.89674e-008 4.89674e-008
27.52 4.84581e-008 4.84581e-008
27.53 4.7944e-008 4.7944e-008
27.54 4.7425e-008 4.7425e-008
27.55 4.69014e-008 4.69014e-008
27.56 4.6373e-008 4.6373e-008
27.57 4.584e-008 4.584e-008
27.58 4.53024e-008 4.53024e-008
27.59 4.47603e-008 4.47603e-008
27.6 4.42137e-008 4.42137e-008
27.61 4.36627e-008 4.36627e-008
27.62 4.31073e-008 4.31073e-008
27.63 4.25476e-008 4.25476e-008
27.64 4.19836e-008 4.19836e-008
27.65 4.14155e-008 4.14155e-008
27.66 4.08432e-008 4.08432e-008
27.67 4.02668e-008 4.02668e-008
27.68 3.96864e-008 3.96864e-008
27.69 3.9102e-008 3.9102e-008
27.7 3.85137e-008 3.85137e-008
27.71 3.79216e-008 3.79216e-008
27.72 3.73257e-008 3.73257e-008
27.73 3.6726e-008 3.6726e-008
27.74 3.61227e-008 3.61227e-008
27.75 3.55158e-008 3.55158e-008
27.76 3.49053e-008 3.49053e-008
27.77 3.42913e-008 3.42913e-008
27.78 3.36739e-008 3.36739e-008
27.79 3.30531e-008 3.30531e-008
27.8 3.2429e-008 3.2429e-008
27.81 3.18017e-008 3.18017e-008
27.82 3.11712e-008 3.11712e-008
27.83 3.05375e-008 3.05375e-008
27.84 2.99009e-008 2.99009e-008
27.85 2.92612e-008 2.92612e-008
27.86 2.86186e-008 2.86186e-008
27.87 2.79731e-008 2.79731e-008
27.88 2.73249e-008 2.73249e-008
27.89 2.66739e-008 2.66739e-008
27.9 2.60203e-008 2.60203e-008
27.91 2.5364e-008 2.5364e-008
27.92 2.47052e-008 2.47052e-008
27.93 2.40439e-008 2.40439e-008
27.94 2.33803e-008 2.33803e-008
27.95 2.27143e-008 2.27143e-008
27.96 2.2046e-008 2.2046e-008
27.97 2.13755e-008 2.13755e-008
27.98 2.07029e-008 2.07029e-008
27.99 2.00282e-008 2.00282e-008
28 1.93515e-008 1.93515e-008
28.01 1.86729e-008 1.86729e-008
28.02 1.79924e-008 1.79924e-008
28.03 1.73101e-008 1.73101e-008
28.04 1.66261e-008 1.66261e-008
28.05 1.59404e-008 1.59404e-008
28.06 1.52531e-008 1.52531e-008
28.07 1.45643e-008 1.45643e-008
28.08 1.3874e-008 1.3874e-008
28.09 1.31824e-008 1.31824e-008
28.1 1.24894e-008 1.24894e-008
28.11 1.17952e-008 1.17952e-008
28.12 1.10998e-008 1.10998e-008
28.13 1.04033e-008 1.04033e-008
28.14 9.70574e-009 9.70574e-009
28.15 9.00722e-009 9.00722e-009
28.16 8.3078e-009 8.3078e-009
28.17 7.60755e-009 7.60755e-009
28.18 6.90654e-009 6.90654e-009
28.19 6.20484e-009 6.20484e-009
28.2 5.50252e-009 5.50252e-009
28.21 4.79965e-009 4.79965e-009
28.22 4.0963e-009 4.0963e-009
28.23 3.39254e-009 3.39254e-009
28.24 2.68843e-009 2.68843e-009
28.25 1.98407e-009 1.98407e-009
28.26 1.2795e-009 1.2795e-009
28.27 5.74802e-010 5.74802e-010
28.28 -1.29951e-010 -1.29951e-010
28.29 -8.34691e-010 -8.34691e-010
28.3 -1.53935e-009 -1.53935e-009
28.31 -2.24385e-009 -2.24385e-009
28.32 -2.94813e-009 -2.94813e-009
28.33 -3.65211e-009 -3.65211e-009
28.34 -4.35573e-009 -4.35573e-009
28.35 -5.05891e-009 -5.05891e-009
28.36 -5.76159e-009 -5.76159e-009
28.37 -6.46369e-009 -6.46369e-009
28.38 -7.16515e-009 -7.16515e-009
28.39 -7.86588e-009 -7.86588e-009
28.4 -8.56584e-009 -8.56584e-009
28.41 -9.26493e-009 -9.26493e-009
28.42 -9.9631e-009 -9.9631e-009
28.43 -1.06603e-008 -1.06603e-008
28.44 -1.13564e-008 -1.13564e-008
28.45 -1.20513e-008 -1.20513e-008
28.46 -1.27451e-008 -1.27451e-008
28.47 -1.34376e-008 -1.34376e-008
28.48 -1.41287e-008 -1.41287e-008
28.49 -1.48185e-008 -1.48185e-008
28.5 -1.55067e-008 -1.55067e-008
28.51 -1.61934e-008 -1.61934e-008
28.52 -1.68785e-008 -1.68785e-008
28.53 -1.75619e-008 -1.75619e-008
28.54 -1.82436e-008 -1.82436e-008
28.55 -1.89234e-008 -1.89234e-008
28.56 -1.96013e-008 -1.96013e-008
28.57 -2.02772e-008 -2.02772e-008
28.58 -2.09512e-008 -2.09512e-008
28.59 -2.1623e-008 -2.1623e-008
28.6 -2.22927e-008 -2.22927e-008
28.61 -2.29601e-008 -2.29601e-008
28.62 -2.36253e-008 -2.36253e-008
28.63 -2.42881e-008 -2.42881e-008
28.64 -2.49484e-008 -2.49484e-008
28.65 -2.56063e-008 -2.56063e-008
28.66 -2.62616e-008 -2.62616e-008
28.67 -2.69143e-008 -2.69143e-008
28.68 -2.75643e-008 -2.75643e-008
28.69 -2.82115e-008 -2.82115e-008
28.7 -2.88559e-008 -2.88559e-008
28.71 -2.94974e-008 -2.94974e-008
28.72 -3.0136e-008 -3.0136e-008
28.73 -3.07716e-008 -3.07716e-008
28.74 -3.14041e-008 -3.14041e-008
28.75 -3.20334e-008 -3.20334e-008
28.76 -3.26595e-008 -3.26595e-008
28.77 -3.32824e-008 -3.32824e-008
28.78 -3.3902e-008 -3.3902e-008
28.79 -3.45181e-008 -3.45181e-008
28.8 -3.51308e-008 -3.51308e-008
28.81 -3.574e-008 -3.574e-008
28.82 -3.63456e-008 -3.63456e-008
28.83 -3.69476e-008 -3.69476e-008
28.84 -3.75459e-008 -3.75459e-008
28.85 -3.81404e-008 -3.81404e-008
28.86 -3.87311e-008 -3.87311e-008
28.87 -3.9318e-008 -3.9318e-008
28.88 -3.99009e-008 -3.99009e-008
28.89 -4.04798e-008 -4.04798e-008
28.9 -4.10547e-008 -4.10547e-008
28.91 -4.16255e-008 -4.16255e-008
28.92 -4.21921e-008 -4.21921e-008
28.93 -4.27545e-008 -4.27545e-008
28.94 -4.33126e-008 -4.33126e-008
28.95 -4.38664e-008 -4.38664e-008
28.96 -4.44158e-008 -4.44158e-008
28.97 -4.49607e-008 -4.49607e-008
28.98 -4.55012e-008 -4.55012e-008
28.99 -4.60371e-008 -4.60371e-008
29 -4.65684e-008 -4.65684e-008
29.01 -4.7095e-008 -4.7095e-008
29.02 -4.7617e-008 -4.7617e-008
29.03 -4.81342e-008 -4.81342e-008
29.04 -4.86465e-008 -4.86465e-008
29.05 -4.9154e-008 -4.9154e-008
29.06 -4.96566e-008 -4.96566e-008
29.07 -5.01542e-008 -5.01542e-008
29.08 -5.06468e-008 -5.06468e-008
29.09 -5.11344e-008 -5.11344e-008
29.1 -5.16168e-008 -5.16168e-008
29.11 -5.2094e-008 -5.2094e-008
29.12 -5.25661e-008 -5.25661e-008
29.13 -5.30329e-008 -5.30329e-008
29.14 -5.34944e-008 -5.34944e-008
29.15 -5.39505e-008 -5.39505e-008
29.16 -5.44013e-008 -5.44013e-008
29.17 -5.48466e-008 -5.48466e-008
29.18 -5.52864e-008 -5.52864e-008
29.19 -5.57207e-008 -5.57207e-008
29.2 -5.61494e-008 -5.61494e-008
29.21 -5.65725e-008 -5.65725e-008
29.22 -5.699e-008 -5.699e-008
29.23 -5.74017e-008 -5.74017e-008
29.24 -5.78077e-008 -5.78077e-008
29.25 -5.8208e-008 -5.8208e-008
29.26 -5.86024e-008 -5.86024e-008
29.27 -5.89909e-008 -5.89909e-008
29.28 -5.93736e-008 -5.93736e-008
29.29 -5.97503e-008 -5.97503e-008
29.3 -6.0121e-008 -6.0121e-008
29.31 -6.04858e-008 -6.04858e-008
29.32 -6.08444e-008 -6.08444e-008
29.33 -6.1197e-008 -6.1197e-008
29.34 -6.15435e-008 -6.15435e-008
29.35 -6.18838e-008 -6.18838e-008
29.36 -6.2218e-008 -6.2218e-008
29.37 -6.25459e-008 -6.25459e-008
29.38 -6.28675e-008 -6.28675e-008
29.39 -6.31829e-008 -6.31829e-008
29.4 -6.3492e-008 -6.3492e-008
29.41 -6.37947e-008 -6.37947e-008
29.42 -6.4091e-008 -6.4091e-008
29.43 -6.43809e-008 -6.43809e-008
29.44 -6.46644e-008 -6.46644e-008
29.45 -6.49414e-008 -6.49414e-008
29.46 -6.52119e-008 -6.52119e-008
29.47 -6.54759e-008 -6.54759e-008
29.48 -6.57333e-008 -6.57333e-008
29.49 -6.59842e-008 -6.59842e-008
29.5 -6.62285e-008 -6.62285e-008
29.51 -6.64661e-008 -6.64661e-008
29.52 -6.66971e-008 -6.66971e-008
29.53 -6.69215e-008 -6.69215e-008
29.54 -6.71391e-008 -6.71391e-008
29.55 -6.735e-008 -6.735e-008
29.56 -6.75542e-008 -6.75542e-008
29.57 -6.77517e-008 -6.77517e-008
29.58 -6.79423e-008 -6.79423e-008
29.59 -6.81262e-008 -6.81262e-008
29.6 -6.83033e-008 -6.83033e-008
29.61 -6.84735e-008 -6.84735e-008
29.62 -6.86369e-008 -6.86369e-008
29.63 -6.87934e-008 -6.87934e-008
29.64 -6.8943e-008 -6.8943e-008
29.65 -6.90858e-008 -6.90858e-008
29.66 -6.92216e-008 -6.92216e-008
29.67 -6.93505e-008 -6.93505e-008
29.68 -6.94725e-008 -6.94725e-008
29.69 -6.95875e-008 -6.95875e-008
29.7 -6.96956e-008 -6.96956e-008
29.71 -6.97967e-008 -6.97967e-008
29.72 -6.98908e-008 -6.98908e-008
29.73 -6.99779e-008 -6.99779e-008
29.74 -7.00581e-008 -7.00581e-008
29.75 -7.01312e-008 -7.01312e-008
29.76 -7.01973e-008 -7.01973e-008
29.77 -7.02564e-008 -7.02564e-008
29.78 -7.03085e-008 -7.03085e-008
29.79 -7.03535e-008 -7.03535e-008
29.8 -7.03915e-008 -7.03915e-008
29.81 -7.04225e-008 -7.04225e-008
29.82 -7.04464e-008 -7.04464e-008
29.83 -7.04633e-008 -7.04633e-008
29.84 -7.04731e-008 -7.04731e-008
29.85 -7.04759e-008 -7.04759e-008
29.86 -7.04717e-008 -7.04717e-008
29.87 -7.04604e-008 -7.04604e-008
29.88 -7.0442e-008 -7.0442e-008
29.89 -7.04166e-008 -7.04166e-008
29.9 -7.03842e-008 -7.03842e-008
29.91 -7.03447e-008 -7.03447e-008
29.92 -7.02982e-008 -7.02982e-008
29.93 -7.02446e-008 -7.02446e-008
29.94 -7.01841e-008 -7.01841e-008
29.95 -7.01165e-008 -7.01165e-008
29.96 -7.00419e-008 -7.00419e-008
29.97 -6.99603e-008 -6.99603e-008
29.98 -6.98717e-008 -6.98717e-008
29.99 -6.97761e-008 -6.97761e-008
30 -6.96735e-008 -6.96735e-008
30.01 -6.9564e-008 -6.9564e-008
30.02 -6.94475e-008 -6.94475e-008
30.03 -6.93241e-008 -6.93241e-008
30.04 -6.91937e-008 -6.91937e-008
30.05 -6.90564e-008 -6.90564e-008
30.06 -6.89122e-008 -6.89122e-008
30.07 -6.87612e-008 -6.87612e-008
30.08 -6.86032e-008 -6.86032e-008
30.09 -6.84384e-008 -6.84384e-008
30.1 -6.82667e-008 -6.82667e-008
30.11 -6.80882e-008 -6.80882e-008
30.12 -6.7903e-008 -6.7903e-008
30.13 -6.77109e-008 -6.77109e-008
30.14 -6.7512e-008 -6.7512e-008
30.15 -6.73064e-008 -6.73064e-008
30.16 -6.70941e-008 -6.70941e-008
30.17 -6.6875e-008 -6.6875e-008
30.18 -6.66493e-008 -6.66493e-008
30.19 -6.64169e-008 -6.64169e-008
30.2 -6.61778e-008 -6.61778e-008
30.21 -6.59322e-008 -6.59322e-008
30.22 -6.56799e-008 -6.56799e-008
30.23 -6.54211e-008 -6.54211e-008
30.24 -6.51558e-008 -6.51558e-008
30.25 -6.48839e-008 -6.48839e-008
30.26 -6.46055e-008 -6.46055e-008
30.27 -6.43207e-008 -6.43207e-008
30.28 -6.40294e-008 -6.40294e-008
30.29 -6.37318e-008 -6.37318e-008
30.3 -6.34277e-008 -6.34277e-008
30.31 -6.31174e-008 -6.31174e-008
30.32 -6.28007e-008 -6.28007e-008
30.33 -6.24777e-008 -6.24777e-008
30.34 -6.21485e-008 -6.21485e-008
30.35 -6.1813e-008 -6.1813e-008
30.36 -6.14714e-008 -6.14714e-008
30.37 -6.11237e-008 -6.11237e-008
30.38 -6.07698e-008 -6.07698e-008
30.39 -6.04099e-008 -6.04099e-008
30.4 -6.00439e-008 -6.00439e-008
30.41 -5.96719e-008 -5.96719e-008
30.42 -5.92939e-008 -5.92939e-008
30.43 -5.891e-008 -5.891e-008
30.44 -5.85202e-008 -5.85202e-008
30.45 -5.81246e-008 -5.81246e-008
30.46 -5.77232e-008 -5.77232e-008
30.47 -5.73159e-008 -5.73159e-008
30.48 -5.6903e-008 -5.6903e-008
30.49 -5.64843e-008 -5.64843e-008
30.5 -5.60601e-008 -5.60601e-008
30.51 -5.56302e-008 -5.56302e-008
30.52 -5.51947e-008 -5.51947e-008
30.53 -5.47537e-008 -5.47537e-008
30.54 -5.43073e-008 -5.43073e-008
30.55 -5.38554e-008 -5.38554e-008
30.56 -5.33981e-008 -5.33981e-008
30.57 -5.29355e-008 -5.29355e-008
30.58 -5.24676e-008 -5.24676e-008
30.59 -5.19945e-008 -5.19945e-008
30.6 -5.15161e-008 -5.15161e-008
30.61 -5.10326e-008 -5.10326e-008
30.62 -5.0544e-008 -5.0544e-008
30.63 -5.00504e-008 -5.00504e-008
30.64 -4.95517e-008 -4.95517e-008
30.65 -4.90481e-008 -4.90481e-008
30.66 -4.85396e-008 -4.85396e-008
30.67 -4.80262e-008 -4.80262e-008
30.68 -4.7508e-008 -4.7508e-008
30.69 -4.69851e-008 -4.69851e-008
30.7 -4.64575e-008 -4.64575e-008
30.71 -4.59252e-008 -4.59252e-008
30.72 -4.53883e-008 -4.53883e-008
30.73 -4.48469e-008 -4.48469e-008
30.74 -4.4301e-008 -4.4301e-008
30.75 -4.37507e-008 -4.37507e-008
30.76 -4.3196e-008 -4.3196e-008
30.77 -4.2637e-008 -4.2637e-008
30.78 -4.20737e-008 -4.20737e-008
30.79 -4.15062e-008 -4.15062e-008
30.8 -4.09346e-008 -4.09346e-008
30.81 -4.03589e-008 -4.03589e-008
30.82 -3.97791e-008 -3.97791e-008
30.83 -3.91954e-008 -3.91954e-008
30.84 -3.86077e-008 -3.86077e-008
30.85 -3.80162e-008 -3.80162e-008
30.86 -3.74209e-008 -3.74209e-008
30.87 -3.68218e-008 -3.68218e-008
30.88 -3.6219e-008 -3.6219e-008
30.89 -3.56127e-008 -3.56127e-008
30.9 -3.50027e-008 -3.50027e-008
30.91 -3.43893e-008 -3.43893e-008
30.92 -3.37724e-008 -3.37724e-008
30.93 -3.31522e-008 -3.31522e-008
30.94 -3.25286e-008 -3.25286e-008
30.95 -3.19018e-008 -3.19018e-008
30.96 -3.12718e-008 -3.12718e-008
30.97 -3.06387e-008 -3.06387e-008
30.98 -3.00025e-008 -3.00025e-008
30.99 -2.93633e-008 -2.93633e-008
31 -2.87211e-008 -2.87211e-008
31.01 -2.80761e-008 -2.80761e-008
31.02 -2.74283e-008 -2.74283e-008
31.03 -2.67778e-008 -2.67778e-008
31.04 -2.61245e-008 -2.61245e-008
31.05 -2.54687e-008 -2.54687e-008
31.06 -2.48103e-008 -2.48103e-008
31.07 -2.41494e-008 -2.41494e-008
31.08 -2.34861e-008 -2.34861e-008
31.09 -2.28205e-008 -2.28205e-008
31.1 -2.21526e-008 -2.21526e-008
31.11 -2.14824e-008 -2.14824e-008
31.12 -2.08102e-008 -2.08102e-008
31.13 -2.01358e-008 -2.01358e-008
31.14 -1.94594e-008 -1.94594e-008
31.15 -1.87811e-008 -1.87811e-008
31.16 -1.81009e-008 -1.81009e-008
31.17 -1.74189e-008 -1.74189e-008
31.18 -1.67351e-008 -1.67351e-008
31.19 -1.60497e-008 -1.60497e-008
31.2 -1.53627e-008 -1.53627e-008
31.21 -1.46741e-008 -1.46741e-008
31.22 -1.39841e-008 -1.39841e-008
31.23 -1.32926e-008 -1.32926e-008
31.24 -1.25999e-008 -1.25999e-008
31.25 -1.19058e-008 -1.19058e-008
31.26 -1.12106e-008 -1.12106e-008
31.27 -1.05143e-008 -1.05143e-008
31.28 -9.8169e-009 -9.8169e-009
31.29 -9.11853e-009 -9.11853e-009
31.3 -8.41925e-009 -8.41925e-009
31.31 -7.71913e-009 -7.71913e-009
31.32 -7.01824e-009 -7.01824e-009
31.33 -6.31664e-009 -6.31664e-009
31.34 -5.61441e-009 -5.61441e-009
31.35 -4.91163e-009 -4.91163e-009
31.36 -4.20835e-009 -4.20835e-009
31.37 -3.50464e-009 -3.50464e-009
31.38 -2.80059e-009 -2.80059e-009
31.39 -2.09626e-009 -2.09626e-009
31.4 -1.39172e-009 -1.39172e-009
31.41 -6.87041e-010 -6.87041e-010
31.42 1.77074e-011 1.77074e-011
31.43 7.22454e-010 7.22454e-010
31.44 1.42713e-009 1.42713e-009
31.45 2.13166e-009 2.13166e-009
31.46 2.83598e-009 2.83598e-009
31.47 3.54002e-009 3.54002e-009
31.48 4.2437e-009 4.2437e-009
31.49 4.94695e-009 4.94695e-009
31.5 5.64972e-009 5.64972e-009
31.51 6.35191e-009 6.35191e-009
31.52 7.05347e-009 7.05347e-009
31.53 7.75433e-009 7.75433e-009
31.54 8.45441e-009 8.45441e-009
31.55 9.15365e-009 9.15365e-009
31.56 9.85197e-009 9.85197e-009
31.57 1.05493e-008 1.05493e-008
31.58 1.12456e-008 1.12456e-008
31.59 1.19407e-008 1.19407e-008
31.6 1.26347e-008 1.26347e-008
31.61 1.33274e-008 1.33274e-008
31.62 1.40188e-008 1.40188e-008
31.63 1.47087e-008 1.47087e-008
31.64 1.53972e-008 1.53972e-008
31.65 1.60842e-008 1.60842e-008
31.66 1.67695e-008 1.67695e-008
31.67 1.74532e-008 1.74532e-008
31.68 1.81351e-008 1.81351e-008
31.69 1.88152e-008 1.88152e-008
31.7 1.94934e-008 1.94934e-008
31.71 2.01697e-008 2.01697e-008
31.72 2.0844e-008 2.0844e-008
31.73 2.15162e-008 2.15162e-008
31.74 2.21862e-008 2.21862e-008
31.75 2.2854e-008 2.2854e-008
31.76 2.35195e-008 2.35195e-008
31.77 2.41827e-008 2.41827e-008
31.78 2.48434e-008 2.48434e-008
31.79 2.55017e-008 2.55017e-008
31.8 2.61574e-008 2.61574e-008
31.81 2.68105e-008 2.68105e-008
31.82 2.74609e-008 2.74609e-008
31.83 2.81086e-008 2.81086e-008
31.84 2.87535e-008 2.87535e-008
31.85 2.93955e-008 2.93955e-008
31.86 3.00345e-008 3.00345e-008
31.87 3.06706e-008 3.06706e-008
31.88 3.13035e-008 3.13035e-008
31.89 3.19334e-008 3.19334e-008
31.9 3.256e-008 3.256e-008
31.91 3.31834e-008 3.31834e-008
31.92 3.38035e-008 3.38035e-008
31.93 3.44202e-008 3.44202e-008
31.94 3.50335e-008 3.50335e-008
31.95 3.56432e-008 3.56432e-008
31.96 3.62494e-008 3.62494e-008
31.97 3.6852e-008 3.6852e-008
31.98 3.74509e-008 3.74509e-008
31.99 3.8046e-008 3.8046e-008
32 3.86373e-008 3.86373e-008
32.01 3.92248e-008 3.92248e-008
32.02 3.98083e-008 3.98083e-008
32.03 4.03879e-008 4.03879e-008
32.04 4.09634e-008 4.09634e-008
32.05 4.15349e-008 4.15349e-008
32.06 4.21021e-008 4.21021e-008
32.07 4.26652e-008 4.26652e-008
32.08 4.3224e-008 4.3224e-008
32.09 4.37785e-008 4.37785e-008
32.1 4.43286e-008 4.43286e-008
32.11 4.48742e-008 4.48742e-008
32.12 4.54154e-008 4.54154e-008
32.13 4.5952e-008 4.5952e-008
32.14 4.64841e-008 4.64841e-008
32.15 4.70115e-008 4.70115e-008
32.16 4.75342e-008 4.75342e-008
32.17 4.80521e-008 4.80521e-008
32.18 4.85652e-008 4.85652e-008
32.19 4.90735e-008 4.90735e-008
32.2 4.95769e-008 4.95769e-008
32.21 5.00753e-008 5.00753e-008
32.22 5.05687e-008 5.05687e-008
32.23 5.1057e-008 5.1057e-008
32.24 5.15403e-008 5.15403e-008
32.25 5.20184e-008 5.20184e-008
32.26 5.24913e-008 5.24913e-008
32.27 5.29589e-008 5.29589e-008
32.28 5.34212e-008 5.34212e-008
32.29 5.38782e-008 5.38782e-008
32.3 5.43298e-008 5.43298e-008
32.31 5.4776e-008 5.4776e-008
32.32 5.52167e-008 5.52167e-008
32.33 5.56519e-008 5.56519e-008
32.34 5.60815e-008 5.60815e-008
32.35 5.65055e-008 5.65055e-008
32.36 5.69239e-008 5.69239e-008
32.37 5.73365e-008 5.73365e-008
32.38 5.77435e-008 5.77435e-008
32.39 5.81446e-008 5.81446e-008
32.4 5.854e-008 5.854e-008
32.41 5.89295e-008 5.89295e-008
32.42 5.9313e-008 5.9313e-008
32.43 5.96907e-008 5.96907e-008
32.44 6.00624e-008 6.00624e-008
32.45 6.04281e-008 6.04281e-008
32.46 6.07877e-008 6.07877e-008
32.47 6.11413e-008 6.11413e-008
32.48 6.14887e-008 6.14887e-008
32.49 6.18301e-008 6.18301e-008
32.5 6.21652e-008 6.21652e-008
32.51 6.24941e-008 6.24941e-008
32.52 6.28167e-008 6.28167e-008
32.53 6.31331e-008 6.31331e-008
32.54 6.34432e-008 6.34432e-008
32.55 6.37469e-008 6.37469e-008
32.56 6.40442e-008 6.40442e-008
32.57 6.43351e-008 6.43351e-008
32.58 6.46197e-008 6.46197e-008
32.59 6.48977e-008 6.48977e-008
32.6 6.51692e-008 6.51692e-008
32.61 6.54343e-008 6.54343e-008
32.62 6.56928e-008 6.56928e-008
32.63 6.59447e-008 6.59447e-008
32.64 6.619e-008 6.619e-008
32.65 6.64287e-008 6.64287e-008
32.66 6.66608e-008 6.66608e-008
32.67 6.68862e-008 6.68862e-008
32.68 6.71049e-008 6.71049e-008
32.69 6.73169e-008 6.73169e-008
32.7 6.75222e-008 6.75222e-008
32.71 6.77207e-008 6.77207e-008
32.72 6.79124e-008 6.79124e-008
32.73 6.80974e-008 6.80974e-008
32.74 6.82755e-008 6.82755e-008
32.75 6.84468e-008 6.84468e-008
32.76 6.86113e-008 6.86113e-008
32.77 6.87689e-008 6.87689e-008
32.78 6.89197e-008 6.89197e-008
32.79 6.90635e-008 6.90635e-008
32.8 6.92004e-008 6.92004e-008
32.81 6.93304e-008 6.93304e-008
32.82 6.94535e-008 6.94535e-008
32.83 6.95697e-008 6.95697e-008
32.84 6.96788e-008 6.96788e-008
32.85 6.97811e-008 6.97811e-008
32.86 6.98763e-008 6.98763e-008
32.87 6.99645e-008 6.99645e-008
32.88 7.00458e-008 7.00458e-008
32.89 7.012e-008 7.012e-008
32.9 7.01873e-008 7.01873e-008
32.91 7.02475e-008 7.02475e-008
32.92 7.03007e-008 7.03007e-008
32.93 7.03468e-008 7.03468e-008
32.94 7.0386e-008 7.0386e-008
32.95 7.0418e-008 7.0418e-008
32.96 7.04431e-008 7.04431e-008
32.97 7.04611e-008 7.04611e-008
32.98 7.0472e-008 7.0472e-008
32.99 7.0476e-008 7.0476e-008
33 7.04728e-008 7.04728e-008
33.01 7.04626e-008 7.04626e-008
33.02 7.04454e-008 7.04454e-008
33.03 7.04211e-008 7.04211e-008
33.04 7.03898e-008 7.03898e-008
33.05 7.03514e-008 7.03514e-008
33.06 7.0306e-008 7.0306e-008
33.07 7.02536e-008 7.02536e-008
33.08 7.01942e-008 7.01942e-008
33.09 7.01277e-008 7.01277e-008
33.1 7.00542e-008 7.00542e-008
33.11 6.99737e-008 6.99737e-008
33.12 6.98862e-008 6.98862e-008
33.13 6.97918e-008 6.97918e-008
33.14 6.96903e-008 6.96903e-008
33.15 6.95819e-008 6.95819e-008
33.16 6.94665e-008 6.94665e-008
33.17 6.93442e-008 6.93442e-008
33.18 6.92149e-008 6.92149e-008
33.19 6.90788e-008 6.90788e-008
33.2 6.89357e-008 6.89357e-008
33.21 6.87857e-008 6.87857e-008
33.22 6.86288e-008 6.86288e-008
33.23 6.84651e-008 6.84651e-008
33.24 6.82945e-008 6.82945e-008
33.25 6.81171e-008 6.81171e-008
33.26 6.79329e-008 6.79329e-008
33.27 6.77419e-008 6.77419e-008
33.28 6.75441e-008 6.75441e-008
33.29 6.73396e-008 6.73396e-008
33.3 6.71283e-008 6.71283e-008
33.31 6.69104e-008 6.69104e-008
33.32 6.66857e-008 6.66857e-008
33.33 6.64543e-008 6.64543e-008
33.34 6.62164e-008 6.62164e-008
33.35 6.59718e-008 6.59718e-008
33.36 6.57205e-008 6.57205e-008
33.37 6.54628e-008 6.54628e-008
33.38 6.51985e-008 6.51985e-008
33.39 6.49276e-008 6.49276e-008
33.4 6.46503e-008 6.46503e-008
33.41 6.43665e-008 6.43665e-008
33.42 6.40762e-008 6.40762e-008
33.43 6.37796e-008 6.37796e-008
33.44 6.34766e-008 6.34766e-008
33.45 6.31672e-008 6.31672e-008
33.46 6.28515e-008 6.28515e-008
33.47 6.25296e-008 6.25296e-008
33.48 6.22013e-008 6.22013e-008
33.49 6.18669e-008 6.18669e-008
33.5 6.15263e-008 6.15263e-008
33.51 6.11795e-008 6.11795e-008
33.52 6.08266e-008 6.08266e-008
33.53 6.04676e-008 6.04676e-008
33.54 6.01026e-008 6.01026e-008
33.55 5.97315e-008 5.97315e-008
33.56 5.93545e-008 5.93545e-008
33.57 5.89716e-008 5.89716e-008
33.58 5.85827e-008 5.85827e-008
33.59 5.8188e-008 5.8188e-008
33.6 5.77875e-008 5.77875e-008
33.61 5.73812e-008 5.73812e-008
33.62 5.69691e-008 5.69691e-008
33.63 5.65514e-008 5.65514e-008
33.64 5.6128e-008 5.6128e-008
33.65 5.5699e-008 5.5699e-008
33.66 5.52644e-008 5.52644e-008
33.67 5.48243e-008 5.48243e-008
33.68 5.43788e-008 5.43788e-008
33.69 5.39277e-008 5.39277e-008
33.7 5.34713e-008 5.34713e-008
33.71 5.30096e-008 5.30096e-008
33.72 5.25425e-008 5.25425e-008
33.73 5.20702e-008 5.20702e-008
33.74 5.15927e-008 5.15927e-008
33.75 5.111e-008 5.111e-008
33.76 5.06222e-008 5.06222e-008
33.77 5.01293e-008 5.01293e-008
33.78 4.96315e-008 4.96315e-008
33.79 4.91286e-008 4.91286e-008
33.8 4.86209e-008 4.86209e-008
33.81 4.81083e-008 4.81083e-008
33.82 4.75909e-008 4.75909e-008
33.83 4.70687e-008 4.70687e-008
33.84 4.65418e-008 4.65418e-008
33.85 4.60103e-008 4.60103e-008
33.86 4.54741e-008 4.54741e-008
33.87 4.49334e-008 4.49334e-008
33.88 4.43883e-008 4.43883e-008
33.89 4.38386e-008 4.38386e-008
33.9 4.32846e-008 4.32846e-008
33.91 4.27263e-008 4.27263e-008
33.92 4.21637e-008 4.21637e-008
33.93 4.15969e-008 4.15969e-008
33.94 4.10259e-008 4.10259e-008
33.95 4.04508e-008 4.04508e-008
33.96 3.98717e-008 3.98717e-008
33.97 3.92886e-008 3.92886e-008
33.98 3.87016e-008 3.87016e-008
33.99 3.81106e-008 3.81106e-008
34 3.75159e-008 3.75159e-008
34.01 3.69174e-008 3.69174e-008
34.02 3.63153e-008 3.63153e-008
34.03 3.57095e-008 3.57095e-008
34.04 3.51001e-008 3.51001e-008
34.05 3.44872e-008 3.44872e-008
34.06 3.38709e-008 3.38709e-008
34.07 3.32512e-008 3.32512e-008
34.08 3.26282e-008 3.26282e-008
34.09 3.20019e-008 3.20019e-008
34.1 3.13724e-008 3.13724e-008
34.11 3.07397e-008 3.07397e-008
34.12 3.0104e-008 3.0104e-008
34.13 2.94653e-008 2.94653e-008
34.14 2.88236e-008 2.88236e-008
34.15 2.81791e-008 2.81791e-008
34.16 2.75317e-008 2.75317e-008
34.17 2.68816e-008 2.68816e-008
34.18 2.62287e-008 2.62287e-008
34.19 2.55733e-008 2.55733e-008
34.2 2.49153e-008 2.49153e-008
34.21 2.42548e-008 2.42548e-008
34.22 2.35919e-008 2.35919e-008
34.23 2.29267e-008 2.29267e-008
34.24 2.22591e-008 2.22591e-008
34.25 2.15893e-008 2.15893e-008
34.26 2.09174e-008 2.09174e-008
34.27 2.02433e-008 2.02433e-008
34.28 1.95673e-008 1.95673e-008
34.29 1.88892e-008 1.88892e-008
34.3 1.82093e-008 1.82093e-008
34.31 1.75276e-008 1.75276e-008
34.32 1.68441e-008 1.68441e-008
34.33 1.6159e-008 1.6159e-008
34.34 1.54722e-008 1.54722e-008
34.35 1.47839e-008 1.47839e-008
34.36 1.40941e-008 1.40941e-008
34.37 1.34028e-008 1.34028e-008
34.38 1.27103e-008 1.27103e-008
34.39 1.20165e-008 1.20165e-008
34.4 1.13214e-008 1.13214e-008
34.41 1.06253e-008 1.06253e-008
34.42 9.92804e-009 9.92804e-009
34.43 9.22982e-009 9.22982e-009
34.44 8.53068e-009 8.53068e-009
34.45 7.83069e-009 7.83069e-009
34.46 7.12991e-009 7.12991e-009
34.47 6.42843e-009 6.42843e-009
34.48 5.72629e-009 5.72629e-009
34.49 5.02359e-009 5.02359e-009
34.5 4.32038e-009 4.32038e-009
34.51 3.61675e-009 3.61675e-009
34.52 2.91275e-009 2.91275e-009
34.53 2.20845e-009 2.20845e-009
34.54 1.50394e-009 1.50394e-009
34.55 7.99279e-010 7.99279e-010
34.56 9.45363e-011 9.45363e-011
34.57 -6.10216e-010 -6.10216e-010
34.58 -1.31491e-009 -1.31491e-009
34.59 -2.01947e-009 -2.01947e-009
34.6 -2.72382e-009 -2.72382e-009
34.61 -3.42791e-009 -3.42791e-009
34.62 -4.13165e-009 -4.13165e-009
34.63 -4.83498e-009 -4.83498e-009
34.64 -5.53783e-009 -5.53783e-009
34.65 -6.24012e-009 -6.24012e-009
34.66 -6.94179e-009 -6.94179e-009
34.67 -7.64276e-009 -7.64276e-009
34.68 -8.34297e-009 -8.34297e-009
34.69 -9.04234e-009 -9.04234e-009
34.7 -9.74082e-009 -9.74082e-009
34.71 -1.04383e-008 -1.04383e-008
34.72 -1.11348e-008 -1.11348e-008
34.73 -1.18301e-008 -1.18301e-008
34.74 -1.25243e-008 -1.25243e-008
34.75 -1.32172e-008 -1.32172e-008
34.76 -1.39087e-008 -1.39087e-008
34.77 -1.45989e-008 -1.45989e-008
34.78 -1.52877e-008 -1.52877e-008
34.79 -1.59749e-008 -1.59749e-008
34.8 -1.66605e-008 -1.66605e-008
34.81 -1.73444e-008 -1.73444e-008
34.82 -1.80266e-008 -1.80266e-008
34.83 -1.8707e-008 -1.8707e-008
34.84 -1.93856e-008 -1.93856e-008
34.85 -2.00622e-008 -2.00622e-008
34.86 -2.07367e-008 -2.07367e-008
34.87 -2.14093e-008 -2.14093e-008
34.88 -2.20796e-008 -2.20796e-008
34.89 -2.27478e-008 -2.27478e-008
34.9 -2.34137e-008 -2.34137e-008
34.91 -2.40772e-008 -2.40772e-008
34.92 -2.47384e-008 -2.47384e-008
34.93 -2.5397e-008 -2.5397e-008
34.94 -2.60532e-008 -2.60532e-008
34.95 -2.67067e-008 -2.67067e-008
34.96 -2.73575e-008 -2.73575e-008
34.97 -2.80056e-008 -2.80056e-008
34.98 -2.8651e-008 -2.8651e-008
34.99 -2.92934e-008 -2.92934e-008
35 -2.99329e-008 -2.99329e-008
35.01 -3.05695e-008 -3.05695e-008
35.02 -3.12029e-008 -3.12029e-008
35.03 -3.18333e-008 -3.18333e-008
35.04 -3.24604e-008 -3.24604e-008
35.05 -3.30844e-008 -3.30844e-008
35.06 -3.3705e-008 -3.3705e-008
35.07 -3.43222e-008 -3.43222e-008
35.08 -3.4936e-008 -3.4936e-008
35.09 -3.55464e-008 -3.55464e-008
35.1 -3.61531e-008 -3.61531e-008
35.11 -3.67563e-008 -3.67563e-008
35.12 -3.73557e-008 -3.73557e-008
35.13 -3.79515e-008 -3.79515e-008
35.14 -3.85434e-008 -3.85434e-008
35.15 -3.91315e-008 -3.91315e-008
35.16 -3.97157e-008 -3.97157e-008
35.17 -4.02959e-008 -4.02959e-008
35.18 -4.0872e-008 -4.0872e-008
35.19 -4.14441e-008 -4.14441e-008
35.2 -4.20121e-008 -4.20121e-008
35.21 -4.25758e-008 -4.25758e-008
35.22 -4.31353e-008 -4.31353e-008
35.23 -4.36904e-008 -4.36904e-008
35.24 -4.42412e-008 -4.42412e-008
35.25 -4.47876e-008 -4.47876e-008
35.26 -4.53295e-008 -4.53295e-008
35.27 -4.58669e-008 -4.58669e-008
35.28 -4.63997e-008 -4.63997e-008
35.29 -4.69278e-008 -4.69278e-008
35.3 -4.74512e-008 -4.74512e-008
35.31 -4.79699e-008 -4.79699e-008
35.32 -4.84838e-008 -4.84838e-008
35.33 -4.89929e-008 -4.89929e-008
35.34 -4.9497e-008 -4.9497e-008
35.35 -4.99962e-008 -4.99962e-008
35.36 -5.04905e-008 -5.04905e-008
35.37 -5.09796e-008 -5.09796e-008
35.38 -5.14637e-008 -5.14637e-008
35.39 -5.19426e-008 -5.19426e-008
35.4 -5.24163e-008 -5.24163e-008
35.41 -5.28848e-008 -5.28848e-008
35.42 -5.3348e-008 -5.3348e-008
35.43 -5.38058e-008 -5.38058e-008
35.44 -5.42583e-008 -5.42583e-008
35.45 -5.47053e-008 -5.47053e-008
35.46 -5.51469e-008 -5.51469e-008
35.47 -5.5583e-008 -5.5583e-008
35.48 -5.60135e-008 -5.60135e-008
35.49 -5.64384e-008 -5.64384e-008
35.5 -5.68576e-008 -5.68576e-008
35.51 -5.72712e-008 -5.72712e-008
35.52 -5.7679e-008 -5.7679e-008
35.53 -5.80811e-008 -5.80811e-008
35.54 -5.84774e-008 -5.84774e-008
35.55 -5.88678e-008 -5.88678e-008
35.56 -5.92523e-008 -5.92523e-008
35.57 -5.9631e-008 -5.9631e-008
35.58 -6.00036e-008 -6.00036e-008
35.59 -6.03702e-008 -6.03702e-008
35.6 -6.07309e-008 -6.07309e-008
35.61 -6.10854e-008 -6.10854e-008
35.62 -6.14338e-008 -6.14338e-008
35.63 -6.17761e-008 -6.17761e-008
35.64 -6.21122e-008 -6.21122e-008
35.65 -6.24421e-008 -6.24421e-008
35.66 -6.27658e-008 -6.27658e-008
35.67 -6.30831e-008 -6.30831e-008
35.68 -6.33942e-008 -6.33942e-008
35.69 -6.36989e-008 -6.36989e-008
35.7 -6.39973e-008 -6.39973e-008
35.71 -6.42892e-008 -6.42892e-008
35.72 -6.45748e-008 -6.45748e-008
35.73 -6.48538e-008 -6.48538e-008
35.74 -6.51264e-008 -6.51264e-008
35.75 -6.53925e-008 -6.53925e-008
35.76 -6.5652e-008 -6.5652e-008
35.77 -6.5905e-008 -6.5905e-008
35.78 -6.61514e-008 -6.61514e-008
35.79 -6.63911e-008 -6.63911e-008
35.8 -6.66243e-008 -6.66243e-008
35.81 -6.68507e-008 -6.68507e-008
35.82 -6.70705e-008 -6.70705e-008
35.83 -6.72836e-008 -6.72836e-008
35.84 -6.74899e-008 -6.74899e-008
35.85 -6.76895e-008 -6.76895e-008
35.86 -6.78823e-008 -6.78823e-008
35.87 -6.80684e-008 -6.80684e-008
35.88 -6.82476e-008 -6.82476e-008
35.89 -6.842e-008 -6.842e-008
35.9 -6.85856e-008 -6.85856e-008
35.91 -6.87443e-008 -6.87443e-008
35.92 -6.88961e-008 -6.88961e-008
35.93 -6.9041e-008 -6.9041e-008
35.94 -6.91791e-008 -6.91791e-008
35.95 -6.93102e-008 -6.93102e-008
35.96 -6.94344e-008 -6.94344e-008
35.97 -6.95516e-008 -6.95516e-008
35.98 -6.96619e-008 -6.96619e-008
35.99 -6.97652e-008 -6.97652e-008
36 -6.98616e-008 -6.98616e-008
36.01 -6.99509e-008 -6.99509e-008
36.02 -7.00333e-008 -7.00333e-008
36.03 -7.01087e-008 -7.01087e-008
36.04 -7.0177e-008 -7.0177e-008
36.05 -7.02384e-008 -7.02384e-008
36.06 -7.02927e-008 -7.02927e-008
36.07 -7.03399e-008 -7.03399e-008
36.08 -7.03802e-008 -7.03802e-008
36.09 -7.04134e-008 -7.04134e-008
36.1 -7.04396e-008 -7.04396e-008
36.11 -7.04587e-008 -7.04587e-008
36.12 -7.04708e-008 -7.04708e-008
36.13 -7.04758e-008 -7.04758e-008
36.14 -7.04738e-008 -7.04738e-008
36.15 -7.04647e-008 -7.04647e-008
36.16 -7.04486e-008 -7.04486e-008
36.17 -7.04255e-008 -7.04255e-008
36.18 -7.03953e-008 -7.03953e-008
36.19 -7.0358e-008 -7.0358e-008
36.2 -7.03137e-008 -7.03137e-008
36.21 -7.02624e-008 -7.02624e-008
36.22 -7.02041e-008 -7.02041e-008
36.23 -7.01388e-008 -7.01388e-008
36.24 -7.00664e-008 -7.00664e-008
36.25 -6.9987e-008 -6.9987e-008
36.26 -6.99007e-008 -6.99007e-008
36.27 -6.98073e-008 -6.98073e-008
36.28 -6.97069e-008 -6.97069e-008
36.29 -6.95996e-008 -6.95996e-008
36.3 -6.94854e-008 -6.94854e-008
36.31 -6.93641e-008 -6.93641e-008
36.32 -6.9236e-008 -6.9236e-008
36.33 -6.91009e-008 -6.91009e-008
36.34 -6.89589e-008 -6.89589e-008
36.35 -6.881e-008 -6.881e-008
36.36 -6.86543e-008 -6.86543e-008
36.37 -6.84916e-008 -6.84916e-008
36.38 -6.83222e-008 -6.83222e-008
36.39 -6.81458e-008 -6.81458e-008
36.4 -6.79627e-008 -6.79627e-008
36.41 -6.77728e-008 -6.77728e-008
36.42 -6.75761e-008 -6.75761e-008
36.43 -6.73726e-008 -6.73726e-008
36.44 -6.71624e-008 -6.71624e-008
36.45 -6.69455e-008 -6.69455e-008
36.46 -6.67219e-008 -6.67219e-008
36.47 -6.64916e-008 -6.64916e-008
36.48 -6.62547e-008 -6.62547e-008
36.49 -6.60112e-008 -6.60112e-008
36.5 -6.5761e-008 -6.5761e-008
36.51 -6.55043e-008 -6.55043e-008
36.52 -6.5241e-008 -6.5241e-008
36.53 -6.49712e-008 -6.49712e-008
36.54 -6.46949e-008 -6.46949e-008
36.55 -6.44121e-008 -6.44121e-008
36.56 -6.41229e-008 -6.41229e-008
36.57 -6.38273e-008 -6.38273e-008
36.58 -6.35253e-008 -6.35253e-008
36.59 -6.32169e-008 -6.32169e-008
36.6 -6.29022e-008 -6.29022e-008
36.61 -6.25812e-008 -6.25812e-008
36.62 -6.2254e-008 -6.2254e-008
36.63 -6.19206e-008 -6.19206e-008
36.64 -6.15809e-008 -6.15809e-008
36.65 -6.12351e-008 -6.12351e-008
36.66 -6.08832e-008 -6.08832e-008
36.67 -6.05252e-008 -6.05252e-008
36.68 -6.01611e-008 -6.01611e-008
36.69 -5.9791e-008 -5.9791e-008
36.7 -5.94149e-008 -5.94149e-008
36.71 -5.90329e-008 -5.90329e-008
36.72 -5.8645e-008 -5.8645e-008
36.73 -5.82513e-008 -5.82513e-008
36.74 -5.78517e-008 -5.78517e-008
36.75 -5.74463e-008 -5.74463e-008
36.76 -5.70351e-008 -5.70351e-008
36.77 -5.66183e-008 -5.66183e-008
36.78 -5.61958e-008 -5.61958e-008
36.79 -5.57677e-008 -5.57677e-008
36.8 -5.5334e-008 -5.5334e-008
36.81 -5.48948e-008 -5.48948e-008
36.82 -5.44501e-008 -5.44501e-008
36.83 -5.39999e-008 -5.39999e-008
36.84 -5.35444e-008 -5.35444e-008
36.85 -5.30835e-008 -5.30835e-008
36.86 -5.26172e-008 -5.26172e-008
36.87 -5.21458e-008 -5.21458e-008
36.88 -5.16691e-008 -5.16691e-008
36.89 -5.11872e-008 -5.11872e-008
36.9 -5.07002e-008 -5.07002e-008
36.91 -5.02082e-008 -5.02082e-008
36.92 -4.97111e-008 -4.97111e-008
36.93 -4.9209e-008 -4.9209e-008
36.94 -4.87021e-008 -4.87021e-008
36.95 -4.81902e-008 -4.81902e-008
36.96 -4.76736e-008 -4.76736e-008
36.97 -4.71522e-008 -4.71522e-008
36.98 -4.6626e-008 -4.6626e-008
36.99 -4.60952e-008 -4.60952e-008
37 -4.55598e-008 -4.55598e-008
37.01 -4.50199e-008 -4.50199e-008
37.02 -4.44754e-008 -4.44754e-008
37.03 -4.39265e-008 -4.39265e-008
37.04 -4.33732e-008 -4.33732e-008
37.05 -4.28155e-008 -4.28155e-008
37.06 -4.22536e-008 -4.22536e-008
37.07 -4.16874e-008 -4.16874e-008
37.08 -4.11171e-008 -4.11171e-008
37.09 -4.05427e-008 -4.05427e-008
37.1 -3.99642e-008 -3.99642e-008
37.11 -3.93817e-008 -3.93817e-008
37.12 -3.87953e-008 -3.87953e-008
37.13 -3.8205e-008 -3.8205e-008
37.14 -3.76109e-008 -3.76109e-008
37.15 -3.7013e-008 -3.7013e-008
37.16 -3.64114e-008 -3.64114e-008
37.17 -3.58062e-008 -3.58062e-008
37.18 -3.51974e-008 -3.51974e-008
37.19 -3.45851e-008 -3.45851e-008
37.2 -3.39693e-008 -3.39693e-008
37.21 -3.33501e-008 -3.33501e-008
37.22 -3.27276e-008 -3.27276e-008
37.23 -3.21018e-008 -3.21018e-008
37.24 -3.14728e-008 -3.14728e-008
37.25 -3.08407e-008 -3.08407e-008
37.26 -3.02054e-008 -3.02054e-008
37.27 -2.95672e-008 -2.95672e-008
37.28 -2.8926e-008 -2.8926e-008
37.29 -2.82819e-008 -2.82819e-008
37.3 -2.7635e-008 -2.7635e-008
37.31 -2.69853e-008 -2.69853e-008
37.32 -2.63329e-008 -2.63329e-008
37.33 -2.56779e-008 -2.56779e-008
37.34 -2.50203e-008 -2.50203e-008
37.35 -2.43602e-008 -2.43602e-008
37.36 -2.36977e-008 -2.36977e-008
37.37 -2.30328e-008 -2.30328e-008
37.38 -2.23656e-008 -2.23656e-008
37.39 -2.16961e-008 -2.16961e-008
37.4 -2.10245e-008 -2.10245e-008
37.41 -2.03508e-008 -2.03508e-008
37.42 -1.96751e-008 -1.96751e-008
37.43 -1.89974e-008 -1.89974e-008
37.44 -1.83178e-008 -1.83178e-008
37.45 -1.76363e-008 -1.76363e-008
37.46 -1.69531e-008 -1.69531e-008
37.47 -1.62682e-008 -1.62682e-008
37.48 -1.55817e-008 -1.55817e-008
37.49 -1.48936e-008 -1.48936e-008
37.5 -1.4204e-008 -1.4204e-008
37.51 -1.3513e-008 -1.3513e-008
37.52 -1.28207e-008 -1.28207e-008
37.53 -1.2127e-008 -1.2127e-008
37.54 -1.14322e-008 -1.14322e-008
37.55 -1.07362e-008 -1.07362e-008
37.56 -1.00391e-008 -1.00391e-008
37.57 -9.34109e-009 -9.34109e-009
37.58 -8.64209e-009 -8.64209e-009
37.59 -7.94223e-009 -7.94223e-009
37.6 -7.24157e-009 -7.24157e-009
37.61 -6.54019e-009 -6.54019e-009
37.62 -5.83816e-009 -5.83816e-009
37.63 -5.13554e-009 -5.13554e-009
37.64 -4.43241e-009 -4.43241e-009
37.65 -3.72884e-009 -3.72884e-009
37.66 -3.02489e-009 -3.02489e-009
37.67 -2.32064e-009 -2.32064e-009
37.68 -1.61616e-009 -1.61616e-009
37.69 -9.11514e-010 -9.11514e-010
37.7 -2.0678e-010 -2.0678e-010
37.71 4.97975e-010 4.97975e-010
37.72 1.20268e-009 1.20268e-009
37.73 1.90727e-009 1.90727e-009
37.74 2.61166e-009 2.61166e-009
37.75 3.31579e-009 3.31579e-009
37.76 4.0196e-009 4.0196e-009
37.77 4.72299e-009 4.72299e-009
37.78 5.42592e-009 5.42592e-009
37.79 6.12831e-009 6.12831e-009
37.8 6.83008e-009 6.83008e-009
37.81 7.53117e-009 7.53117e-009
37.82 8.2315e-009 8.2315e-009
37.83 8.93102e-009 8.93102e-009
37.84 9.62964e-009 9.62964e-009
37.85 1.03273e-008 1.03273e-008
37.86 1.10239e-008 1.10239e-008
37.87 1.17194e-008 1.17194e-008
37.88 1.24138e-008 1.24138e-008
37.89 1.31069e-008 1.31069e-008
37.9 1.37987e-008 1.37987e-008
37.91 1.44891e-008 1.44891e-008
37.92 1.51781e-008 1.51781e-008
37.93 1.58655e-008 1.58655e-008
37.94 1.65514e-008 1.65514e-008
37.95 1.72356e-008 1.72356e-008
37.96 1.79181e-008 1.79181e-008
37.97 1.85988e-008 1.85988e-008
37.98 1.92776e-008 1.92776e-008
37.99 1.99545e-008 1.99545e-008
38 2.06294e-008 2.06294e-008
38.01 2.13023e-008 2.13023e-008
38.02 2.1973e-008 2.1973e-008
38.03 2.26415e-008 2.26415e-008
38.04 2.33078e-008 2.33078e-008
38.05 2.39717e-008 2.39717e-008
38.06 2.46332e-008 2.46332e-008
38.07 2.52923e-008 2.52923e-008
38.08 2.59488e-008 2.59488e-008
38.09 2.66028e-008 2.66028e-008
38.1 2.72541e-008 2.72541e-008
38.11 2.79026e-008 2.79026e-008
38.12 2.85484e-008 2.85484e-008
38.13 2.91913e-008 2.91913e-008
38.14 2.98313e-008 2.98313e-008
38.15 3.04683e-008 3.04683e-008
38.16 3.11023e-008 3.11023e-008
38.17 3.17331e-008 3.17331e-008
38.18 3.23608e-008 3.23608e-008
38.19 3.29852e-008 3.29852e-008
38.2 3.36064e-008 3.36064e-008
38.21 3.42241e-008 3.42241e-008
38.22 3.48385e-008 3.48385e-008
38.23 3.54494e-008 3.54494e-008
38.24 3.60567e-008 3.60567e-008
38.25 3.66604e-008 3.66604e-008
38.26 3.72605e-008 3.72605e-008
38.27 3.78568e-008 3.78568e-008
38.28 3.84494e-008 3.84494e-008
38.29 3.90381e-008 3.90381e-008
38.3 3.96229e-008 3.96229e-008
38.31 4.02037e-008 4.02037e-008
38.32 4.07805e-008 4.07805e-008
38.33 4.13533e-008 4.13533e-008
38.34 4.19219e-008 4.19219e-008
38.35 4.24863e-008 4.24863e-008
38.36 4.30465e-008 4.30465e-008
38.37 4.36023e-008 4.36023e-008
38.38 4.41538e-008 4.41538e-008
38.39 4.47009e-008 4.47009e-008
38.4 4.52435e-008 4.52435e-008
38.41 4.57816e-008 4.57816e-008
38.42 4.63151e-008 4.63151e-008
38.43 4.6844e-008 4.6844e-008
38.44 4.73682e-008 4.73682e-008
38.45 4.78876e-008 4.78876e-008
38.46 4.84023e-008 4.84023e-008
38.47 4.89121e-008 4.89121e-008
38.48 4.94171e-008 4.94171e-008
38.49 4.99171e-008 4.99171e-008
38.5 5.04121e-008 5.04121e-008
38.51 5.0902e-008 5.0902e-008
38.52 5.13869e-008 5.13869e-008
38.53 5.18666e-008 5.18666e-008
38.54 5.23412e-008 5.23412e-008
38.55 5.28105e-008 5.28105e-008
38.56 5.32745e-008 5.32745e-008
38.57 5.37332e-008 5.37332e-008
38.58 5.41866e-008 5.41866e-008
38.59 5.46345e-008 5.46345e-008
38.6 5.50769e-008 5.50769e-008
38.61 5.55139e-008 5.55139e-008
38.62 5.59453e-008 5.59453e-008
38.63 5.63711e-008 5.63711e-008
38.64 5.67912e-008 5.67912e-008
38.65 5.72057e-008 5.72057e-008
38.66 5.76145e-008 5.76145e-008
38.67 5.80175e-008 5.80175e-008
38.68 5.84147e-008 5.84147e-008
38.69 5.8806e-008 5.8806e-008
38.7 5.91915e-008 5.91915e-008
38.71 5.95711e-008 5.95711e-008
38.72 5.99447e-008 5.99447e-008
38.73 6.03123e-008 6.03123e-008
38.74 6.06738e-008 6.06738e-008
38.75 6.10293e-008 6.10293e-008
38.76 6.13787e-008 6.13787e-008
38.77 6.1722e-008 6.1722e-008
38.78 6.20591e-008 6.20591e-008
38.79 6.239e-008 6.239e-008
38.8 6.27146e-008 6.27146e-008
38.81 6.3033e-008 6.3033e-008
38.82 6.33451e-008 6.33451e-008
38.83 6.36508e-008 6.36508e-008
38.84 6.39502e-008 6.39502e-008
38.85 6.42432e-008 6.42432e-008
38.86 6.45297e-008 6.45297e-008
38.87 6.48098e-008 6.48098e-008
38.88 6.50835e-008 6.50835e-008
38.89 6.53506e-008 6.53506e-008
38.9 6.56111e-008 6.56111e-008
38.91 6.58652e-008 6.58652e-008
38.92 6.61126e-008 6.61126e-008
38.93 6.63534e-008 6.63534e-008
38.94 6.65876e-008 6.65876e-008
38.95 6.68151e-008 6.68151e-008
38.96 6.7036e-008 6.7036e-008
38.97 6.72501e-008 6.72501e-008
38.98 6.74575e-008 6.74575e-008
38.99 6.76582e-008 6.76582e-008
39 6.78521e-008 6.78521e-008
39.01 6.80392e-008 6.80392e-008
39.02 6.82195e-008 6.82195e-008
39.03 6.8393e-008 6.8393e-008
39.04 6.85597e-008 6.85597e-008
39.05 6.87195e-008 6.87195e-008
39.06 6.88724e-008 6.88724e-008
39.07 6.90184e-008 6.90184e-008
39.08 6.91576e-008 6.91576e-008
39.09 6.92898e-008 6.92898e-008
39.1 6.94151e-008 6.94151e-008
39.11 6.95334e-008 6.95334e-008
39.12 6.96448e-008 6.96448e-008
39.13 6.97493e-008 6.97493e-008
39.14 6.98467e-008 6.98467e-008
39.15 6.99372e-008 6.99372e-008
39.16 7.00207e-008 7.00207e-008
39.17 7.00971e-008 7.00971e-008
39.18 7.01666e-008 7.01666e-008
39.19 7.02291e-008 7.02291e-008
39.2 7.02845e-008 7.02845e-008
39.21 7.03329e-008 7.03329e-008
39.22 7.03743e-008 7.03743e-008
39.23 7.04086e-008 7.04086e-008
39.24 7.04359e-008 7.04359e-008
39.25 7.04561e-008 7.04561e-008
39.26 7.04693e-008 7.04693e-008
39.27 7.04755e-008 7.04755e-008
39.28 7.04746e-008 7.04746e-008
39.29 7.04666e-008 7.04666e-008
39.3 7.04516e-008 7.04516e-008
39.31 7.04296e-008 7.04296e-008
39.32 7.04005e-008 7.04005e-008
39.33 7.03644e-008 7.03644e-008
39.34 7.03213e-008 7.03213e-008
39.35 7.02711e-008 7.02711e-008
39.36 7.02139e-008 7.02139e-008
39.37 7.01496e-008 7.01496e-008
39.38 7.00784e-008 7.00784e-008
39.39 7.00001e-008 7.00001e-008
39.4 6.99149e-008 6.99149e-008
39.41 6.98226e-008 6.98226e-008
39.42 6.97234e-008 6.97234e-008
39.43 6.96172e-008 6.96172e-008
39.44 6.9504e-008 6.9504e-008
39.45 6.93839e-008 6.93839e-008
39.46 6.92569e-008 6.92569e-008
39.47 6.91229e-008 6.91229e-008
39.48 6.8982e-008 6.8982e-008
39.49 6.88342e-008 6.88342e-008
39.5 6.86795e-008 6.86795e-008
39.51 6.8518e-008 6.8518e-008
39.52 6.83496e-008 6.83496e-008
39.53 6.81744e-008 6.81744e-008
39.54 6.79923e-008 6.79923e-008
39.55 6.78035e-008 6.78035e-008
39.56 6.76079e-008 6.76079e-008
39.57 6.74055e-008 6.74055e-008
39.58 6.71964e-008 6.71964e-008
39.59 6.69805e-008 6.69805e-008
39.6 6.6758e-008 6.6758e-008
39.61 6.65288e-008 6.65288e-008
39.62 6.62929e-008 6.62929e-008
39.63 6.60504e-008 6.60504e-008
39.64 6.58013e-008 6.58013e-008
39.65 6.55456e-008 6.55456e-008
39.66 6.52834e-008 6.52834e-008
39.67 6.50146e-008 6.50146e-008
39.68 6.47393e-008 6.47393e-008
39.69 6.44576e-008 6.44576e-008
39.7 6.41694e-008 6.41694e-008
39.71 6.38748e-008 6.38748e-008
39.72 6.35738e-008 6.35738e-008
39.73 6.32664e-008 6.32664e-008
39.74 6.29528e-008 6.29528e-008
39.75 6.26328e-008 6.26328e-008
39.76 6.23066e-008 6.23066e-008
39.77 6.19741e-008 6.19741e-008
39.78 6.16354e-008 6.16354e-008
39.79 6.12906e-008 6.12906e-008
39.8 6.09396e-008 6.09396e-008
39.81 6.05826e-008 6.05826e-008
39.82 6.02195e-008 6.02195e-008
39.83 5.98504e-008 5.98504e-008
39.84 5.94752e-008 5.94752e-008
39.85 5.90942e-008 5.90942e-008
39.86 5.87072e-008 5.87072e-008
39.87 5.83144e-008 5.83144e-008
39.88 5.79157e-008 5.79157e-008
39.89 5.75112e-008 5.75112e-008
39.9 5.7101e-008 5.7101e-008
39.91 5.66851e-008 5.66851e-008
39.92 5.62635e-008 5.62635e-008
39.93 5.58363e-008 5.58363e-008
39.94 5.54035e-008 5.54035e-008
39.95 5.49651e-008 5.49651e-008
39.96 5.45213e-008 5.45213e-008
39.97 5.4072e-008 5.4072e-008
39.98 5.36173e-008 5.36173e-008
39.99 5.31572e-008 5.31572e-008
40 5.26918e-008 5.26918e-008
40.01 5.22212e-008 5.22212e-008
40.02 5.17453e-008 5.17453e-008
40.03 5.12643e-008 5.12643e-008
40.04 5.07781e-008 5.07781e-008
40.05 5.02869e-008 5.02869e-008
40.06 4.97906e-008 4.97906e-008
40.07 4.92893e-008 4.92893e-008
40.08 4.87831e-008 4.87831e-008
40.09 4.82721e-008 4.82721e-008
40.1 4.77562e-008 4.77562e-008
40.11 4.72355e-008 4.72355e-008
40.12 4.67101e-008 4.67101e-008
40.13 4.61801e-008 4.61801e-008
40.14 4.56454e-008 4.56454e-008
40.15 4.51062e-008 4.51062e-008
40.16 4.45624e-008 4.45624e-008
40.17 4.40142e-008 4.40142e-008
40.18 4.34616e-008 4.34616e-008
40.19 4.29046e-008 4.29046e-008
40.2 4.23434e-008 4.23434e-008
40.21 4.17779e-008 4.17779e-008
40.22 4.12082e-008 4.12082e-008
40.23 4.06345e-008 4.06345e-008
40.24 4.00566e-008 4.00566e-008
40.25 3.94748e-008 3.94748e-008
40.26 3.8889e-008 3.8889e-008
40.27 3.82993e-008 3.82993e-008
40.28 3.77058e-008 3.77058e-008
40.29 3.71085e-008 3.71085e-008
40.3 3.65075e-008 3.65075e-008
40.31 3.59028e-008 3.59028e-008
40.32 3.52946e-008 3.52946e-008
40.33 3.46828e-008 3.46828e-008
40.34 3.40676e-008 3.40676e-008
40.35 3.3449e-008 3.3449e-008
40.36 3.2827e-008 3.2827e-008
40.37 3.22017e-008 3.22017e-008
40.38 3.15732e-008 3.15732e-008
40.39 3.09416e-008 3.09416e-008
40.4 3.03068e-008 3.03068e-008
40.41 2.96691e-008 2.96691e-008
40.42 2.90283e-008 2.90283e-008
40.43 2.83847e-008 2.83847e-008
40.44 2.77382e-008 2.77382e-008
40.45 2.70889e-008 2.70889e-008
40.46 2.6437e-008 2.6437e-008
40.47 2.57824e-008 2.57824e-008
40.48 2.51252e-008 2.51252e-008
40.49 2.44655e-008 2.44655e-008
40.5 2.38033e-008 2.38033e-008
40.51 2.31388e-008 2.31388e-008
40.52 2.2472e-008 2.2472e-008
40.53 2.18029e-008 2.18029e-008
40.54 2.11316e-008 2.11316e-008
40.55 2.04583e-008 2.04583e-008
40.56 1.97828e-008 1.97828e-008
40.57 1.91054e-008 1.91054e-008
40.58 1.84261e-008 1.84261e-008
40.59 1.7745e-008 1.7745e-008
40.6 1.7062e-008 1.7062e-008
40.61 1.63774e-008 1.63774e-008
40.62 1.56911e-008 1.56911e-008
40.63 1.50033e-008 1.50033e-008
40.64 1.43139e-008 1.43139e-008
40.65 1.36232e-008 1.36232e-008
40.66 1.2931e-008 1.2931e-008
40.67 1.22376e-008 1.22376e-008
40.68 1.15429e-008 1.15429e-008
40.69 1.08471e-008 1.08471e-008
40.7 1.01502e-008 1.01502e-008
40.71 9.45233e-009 9.45233e-009
40.72 8.75348e-009 8.75348e-009
40.73 8.05375e-009 8.05375e-009
40.74 7.35321e-009 7.35321e-009
40.75 6.65194e-009 6.65194e-009
40.76 5.95001e-009 5.95001e-009
40.77 5.24748e-009 5.24748e-009
40.78 4.54443e-009 4.54443e-009
40.79 3.84092e-009 3.84092e-009
40.8 3.13703e-009 3.13703e-009
40.81 2.43282e-009 2.43282e-009
40.82 1.72837e-009 1.72837e-009
40.83 1.02375e-009 1.02375e-009
40.84 3.19023e-010 3.19023e-010
40.85 -3.85734e-010 -3.85734e-010
40.86 -1.09045e-009 -1.09045e-009
40.87 -1.79506e-009 -1.79506e-009
40.88 -2.49949e-009 -2.49949e-009
40.89 -3.20367e-009 -3.20367e-009
40.9 -3.90753e-009 -3.90753e-009
40.91 -4.611e-009 -4.611e-009
40.92 -5.314e-009 -5.314e-009
40.93 -6.01648e-009 -6.01648e-009
40.94 -6.71836e-009 -6.71836e-009
40.95 -7.41956e-009 -7.41956e-009
40.96 -8.12002e-009 -8.12002e-009
40.97 -8.81967e-009 -8.81967e-009
40.98 -9.51843e-009 -9.51843e-009
40.99 -1.02162e-008 -1.02162e-008
41 -1.0913e-008 -1.0913e-008
41.01 -1.16087e-008 -1.16087e-008
41.02 -1.23033e-008 -1.23033e-008
41.03 -1.29966e-008 -1.29966e-008
41.04 -1.36886e-008 -1.36886e-008
41.05 -1.43792e-008 -1.43792e-008
41.06 -1.50685e-008 -1.50685e-008
41.07 -1.57561e-008 -1.57561e-008
41.08 -1.64423e-008 -1.64423e-008
41.09 -1.71267e-008 -1.71267e-008
41.1 -1.78095e-008 -1.78095e-008
41.11 -1.84905e-008 -1.84905e-008
41.12 -1.91696e-008 -1.91696e-008
41.13 -1.98469e-008 -1.98469e-008
41.14 -2.05221e-008 -2.05221e-008
41.15 -2.11953e-008 -2.11953e-008
41.16 -2.18663e-008 -2.18663e-008
41.17 -2.25352e-008 -2.25352e-008
41.18 -2.32018e-008 -2.32018e-008
41.19 -2.38661e-008 -2.38661e-008
41.2 -2.4528e-008 -2.4528e-008
41.21 -2.51875e-008 -2.51875e-008
41.22 -2.58444e-008 -2.58444e-008
41.23 -2.64988e-008 -2.64988e-008
41.24 -2.71505e-008 -2.71505e-008
41.25 -2.77995e-008 -2.77995e-008
41.26 -2.84457e-008 -2.84457e-008
41.27 -2.90891e-008 -2.90891e-008
41.28 -2.97296e-008 -2.97296e-008
41.29 -3.0367e-008 -3.0367e-008
41.3 -3.10015e-008 -3.10015e-008
41.31 -3.16328e-008 -3.16328e-008
41.32 -3.2261e-008 -3.2261e-008
41.33 -3.2886e-008 -3.2886e-008
41.34 -3.35077e-008 -3.35077e-008
41.35 -3.4126e-008 -3.4126e-008
41.36 -3.47409e-008 -3.47409e-008
41.37 -3.53523e-008 -3.53523e-008
41.38 -3.59602e-008 -3.59602e-008
41.39 -3.65645e-008 -3.65645e-008
41.4 -3.71652e-008 -3.71652e-008
41.41 -3.77621e-008 -3.77621e-008
41.42 -3.83553e-008 -3.83553e-008
41.43 -3.89446e-008 -3.89446e-008
41.44 -3.953e-008 -3.953e-008
41.45 -4.01115e-008 -4.01115e-008
41.46 -4.06889e-008 -4.06889e-008
41.47 -4.12623e-008 -4.12623e-008
41.48 -4.18316e-008 -4.18316e-008
41.49 -4.23967e-008 -4.23967e-008
41.5 -4.29575e-008 -4.29575e-008
41.51 -4.35141e-008 -4.35141e-008
41.52 -4.40663e-008 -4.40663e-008
41.53 -4.46141e-008 -4.46141e-008
41.54 -4.51574e-008 -4.51574e-008
41.55 -4.56962e-008 -4.56962e-008
41.56 -4.62305e-008 -4.62305e-008
41.57 -4.67601e-008 -4.67601e-008
41.58 -4.7285e-008 -4.7285e-008
41.59 -4.78052e-008 -4.78052e-008
41.6 -4.83207e-008 -4.83207e-008
41.61 -4.88313e-008 -4.88313e-008
41.62 -4.9337e-008 -4.9337e-008
41.63 -4.98378e-008 -4.98378e-008
41.64 -5.03336e-008 -5.03336e-008
41.65 -5.08243e-008 -5.08243e-008
41.66 -5.131e-008 -5.131e-008
41.67 -5.17906e-008 -5.17906e-008
41.68 -5.2266e-008 -5.2266e-008
41.69 -5.27361e-008 -5.27361e-008
41.7 -5.3201e-008 -5.3201e-008
41.71 -5.36606e-008 -5.36606e-008
41.72 -5.41147e-008 -5.41147e-008
41.73 -5.45635e-008 -5.45635e-008
41.74 -5.50068e-008 -5.50068e-008
41.75 -5.54447e-008 -5.54447e-008
41.76 -5.58769e-008 -5.58769e-008
41.77 -5.63036e-008 -5.63036e-008
41.78 -5.67247e-008 -5.67247e-008
41.79 -5.71401e-008 -5.71401e-008
41.8 -5.75498e-008 -5.75498e-008
41.81 -5.79537e-008 -5.79537e-008
41.82 -5.83518e-008 -5.83518e-008
41.83 -5.87441e-008 -5.87441e-008
41.84 -5.91305e-008 -5.91305e-008
41.85 -5.9511e-008 -5.9511e-008
41.86 -5.98856e-008 -5.98856e-008
41.87 -6.02541e-008 -6.02541e-008
41.88 -6.06167e-008 -6.06167e-008
41.89 -6.09731e-008 -6.09731e-008
41.9 -6.13235e-008 -6.13235e-008
41.91 -6.16677e-008 -6.16677e-008
41.92 -6.20058e-008 -6.20058e-008
41.93 -6.23377e-008 -6.23377e-008
41.94 -6.26633e-008 -6.26633e-008
41.95 -6.29827e-008 -6.29827e-008
41.96 -6.32958e-008 -6.32958e-008
41.97 -6.36026e-008 -6.36026e-008
41.98 -6.39029e-008 -6.39029e-008
41.99 -6.41969e-008 -6.41969e-008
42 -6.44845e-008 -6.44845e-008
42.01 -6.47657e-008 -6.47657e-008
42.02 -6.50403e-008 -6.50403e-008
42.03 -6.53085e-008 -6.53085e-008
42.04 -6.55701e-008 -6.55701e-008
42.05 -6.58251e-008 -6.58251e-008
42.06 -6.60736e-008 -6.60736e-008
42.07 -6.63155e-008 -6.63155e-008
42.08 -6.65507e-008 -6.65507e-008
42.09 -6.67793e-008 -6.67793e-008
42.1 -6.70012e-008 -6.70012e-008
42.11 -6.72164e-008 -6.72164e-008
42.12 -6.74249e-008 -6.74249e-008
42.13 -6.76267e-008 -6.76267e-008
42.14 -6.78217e-008 -6.78217e-008
42.15 -6.80099e-008 -6.80099e-008
42.16 -6.81913e-008 -6.81913e-008
42.17 -6.83658e-008 -6.83658e-008
42.18 -6.85336e-008 -6.85336e-008
42.19 -6.86945e-008 -6.86945e-008
42.2 -6.88485e-008 -6.88485e-008
42.21 -6.89956e-008 -6.89956e-008
42.22 -6.91359e-008 -6.91359e-008
42.23 -6.92692e-008 -6.92692e-008
42.24 -6.93956e-008 -6.93956e-008
42.25 -6.9515e-008 -6.9515e-008
42.26 -6.96275e-008 -6.96275e-008
42.27 -6.97331e-008 -6.97331e-008
42.28 -6.98317e-008 -6.98317e-008
42.29 -6.99232e-008 -6.99232e-008
42.3 -7.00078e-008 -7.00078e-008
42.31 -7.00854e-008 -7.00854e-008
42.32 -7.0156e-008 -7.0156e-008
42.33 -7.02196e-008 -7.02196e-008
42.34 -7.02761e-008 -7.02761e-008
42.35 -7.03257e-008 -7.03257e-008
42.36 -7.03681e-008 -7.03681e-008
42.37 -7.04036e-008 -7.04036e-008
42.38 -7.0432e-008 -7.0432e-008
42.39 -7.04534e-008 -7.04534e-008
42.4 -7.04677e-008 -7.04677e-008
42.41 -7.0475e-008 -7.0475e-008
42.42 -7.04752e-008 -7.04752e-008
42.43 -7.04684e-008 -7.04684e-008
42.44 -7.04545e-008 -7.04545e-008
42.45 -7.04336e-008 -7.04336e-008
42.46 -7.04056e-008 -7.04056e-008
42.47 -7.03706e-008 -7.03706e-008
42.48 -7.03286e-008 -7.03286e-008
42.49 -7.02795e-008 -7.02795e-008
42.5 -7.02235e-008 -7.02235e-008
42.51 -7.01603e-008 -7.01603e-008
42.52 -7.00902e-008 -7.00902e-008
42.53 -7.00131e-008 -7.00131e-008
42.54 -6.99289e-008 -6.99289e-008
42.55 -6.98378e-008 -6.98378e-008
42.56 -6.97397e-008 -6.97397e-008
42.57 -6.96346e-008 -6.96346e-008
42.58 -6.95225e-008 -6.95225e-008
42.59 -6.94035e-008 -6.94035e-008
42.6 -6.92776e-008 -6.92776e-008
42.61 -6.91447e-008 -6.91447e-008
42.62 -6.90049e-008 -6.90049e-008
42.63 -6.88582e-008 -6.88582e-008
42.64 -6.87046e-008 -6.87046e-008
42.65 -6.85442e-008 -6.85442e-008
42.66 -6.83769e-008 -6.83769e-008
42.67 -6.82027e-008 -6.82027e-008
42.68 -6.80218e-008 -6.80218e-008
42.69 -6.7834e-008 -6.7834e-008
42.7 -6.76395e-008 -6.76395e-008
42.71 -6.74382e-008 -6.74382e-008
42.72 -6.72301e-008 -6.72301e-008
42.73 -6.70153e-008 -6.70153e-008
42.74 -6.67939e-008 -6.67939e-008
42.75 -6.65657e-008 -6.65657e-008
42.76 -6.63309e-008 -6.63309e-008
42.77 -6.60894e-008 -6.60894e-008
42.78 -6.58414e-008 -6.58414e-008
42.79 -6.55868e-008 -6.55868e-008
42.8 -6.53256e-008 -6.53256e-008
42.81 -6.50578e-008 -6.50578e-008
42.82 -6.47836e-008 -6.47836e-008
42.83 -6.45029e-008 -6.45029e-008
42.84 -6.42157e-008 -6.42157e-008
42.85 -6.39221e-008 -6.39221e-008
42.86 -6.36222e-008 -6.36222e-008
42.87 -6.33158e-008 -6.33158e-008
42.88 -6.30031e-008 -6.30031e-008
42.89 -6.26842e-008 -6.26842e-008
42.9 -6.23589e-008 -6.23589e-008
42.91 -6.20275e-008 -6.20275e-008
42.92 -6.16898e-008 -6.16898e-008
42.93 -6.13459e-008 -6.13459e-008
42.94 -6.09959e-008 -6.09959e-008
42.95 -6.06399e-008 -6.06399e-008
42.96 -6.02777e-008 -6.02777e-008
42.97 -5.99095e-008 -5.99095e-008
42.98 -5.95354e-008 -5.95354e-008
42.99 -5.91553e-008 -5.91553e-008
43 -5.87692e-008 -5.87692e-008
43.01 -5.83773e-008 -5.83773e-008
43.02 -5.79796e-008 -5.79796e-008
43.03 -5.7576e-008 -5.7576e-008
43.04 -5.71667e-008 -5.71667e-008
43.05 -5.67517e-008 -5.67517e-008
43.06 -5.6331e-008 -5.6331e-008
43.07 -5.59047e-008 -5.59047e-008
43.08 -5.54728e-008 -5.54728e-008
43.09 -5.50353e-008 -5.50353e-008
43.1 -5.45923e-008 -5.45923e-008
43.11 -5.41439e-008 -5.41439e-008
43.12 -5.36901e-008 -5.36901e-008
43.13 -5.32308e-008 -5.32308e-008
43.14 -5.27663e-008 -5.27663e-008
43.15 -5.22965e-008 -5.22965e-008
43.16 -5.18215e-008 -5.18215e-008
43.17 -5.13412e-008 -5.13412e-008
43.18 -5.08559e-008 -5.08559e-008
43.19 -5.03654e-008 -5.03654e-008
43.2 -4.987e-008 -4.987e-008
43.21 -4.93695e-008 -4.93695e-008
43.22 -4.88641e-008 -4.88641e-008
43.23 -4.83538e-008 -4.83538e-008
43.24 -4.78387e-008 -4.78387e-008
43.25 -4.73188e-008 -4.73188e-008
43.26 -4.67941e-008 -4.67941e-008
43.27 -4.62648e-008 -4.62648e-008
43.28 -4.57309e-008 -4.57309e-008
43.29 -4.51923e-008 -4.51923e-008
43.3 -4.46493e-008 -4.46493e-008
43.31 -4.41018e-008 -4.41018e-008
43.32 -4.35499e-008 -4.35499e-008
43.33 -4.29936e-008 -4.29936e-008
43.34 -4.24331e-008 -4.24331e-008
43.35 -4.18682e-008 -4.18682e-008
43.36 -4.12992e-008 -4.12992e-008
43.37 -4.07261e-008 -4.07261e-008
43.38 -4.01489e-008 -4.01489e-008
43.39 -3.95677e-008 -3.95677e-008
43.4 -3.89825e-008 -3.89825e-008
43.41 -3.83935e-008 -3.83935e-008
43.42 -3.78005e-008 -3.78005e-008
43.43 -3.72039e-008 -3.72039e-008
43.44 -3.66035e-008 -3.66035e-008
43.45 -3.59994e-008 -3.59994e-008
43.46 -3.53917e-008 -3.53917e-008
43.47 -3.47805e-008 -3.47805e-008
43.48 -3.41658e-008 -3.41658e-008
43.49 -3.35477e-008 -3.35477e-008
43.5 -3.29263e-008 -3.29263e-008
43.51 -3.23015e-008 -3.23015e-008
43.52 -3.16735e-008 -3.16735e-008
43.53 -3.10424e-008 -3.10424e-008
43.54 -3.04081e-008 -3.04081e-008
43.55 -2.97708e-008 -2.97708e-008
43.56 -2.91306e-008 -2.91306e-008
43.57 -2.84874e-008 -2.84874e-008
43.58 -2.78413e-008 -2.78413e-008
43.59 -2.71925e-008 -2.71925e-008
43.6 -2.6541e-008 -2.6541e-008
43.61 -2.58868e-008 -2.58868e-008
43.62 -2.523e-008 -2.523e-008
43.63 -2.45707e-008 -2.45707e-008
43.64 -2.3909e-008 -2.3909e-008
43.65 -2.32448e-008 -2.32448e-008
43.66 -2.25783e-008 -2.25783e-008
43.67 -2.19096e-008 -2.19096e-008
43.68 -2.12387e-008 -2.12387e-008
43.69 -2.05656e-008 -2.05656e-008
43.7 -1.98905e-008 -1.98905e-008
43.71 -1.92134e-008 -1.92134e-008
43.72 -1.85344e-008 -1.85344e-008
43.73 -1.78536e-008 -1.78536e-008
43.74 -1.71709e-008 -1.71709e-008
43.75 -1.64865e-008 -1.64865e-008
43.76 -1.58005e-008 -1.58005e-008
43.77 -1.51129e-008 -1.51129e-008
43.78 -1.44238e-008 -1.44238e-008
43.79 -1.37333e-008 -1.37333e-008
43.8 -1.30413e-008 -1.30413e-008
43.81 -1.23481e-008 -1.23481e-008
43.82 -1.16537e-008 -1.16537e-008
43.83 -1.0958e-008 -1.0958e-008
43.84 -1.02613e-008 -1.02613e-008
43.85 -9.56355e-009 -9.56355e-009
43.86 -8.86484e-009 -8.86484e-009
43.87 -8.16525e-009 -8.16525e-009
43.88 -7.46484e-009 -7.46484e-009
43.89 -6.76368e-009 -6.76368e-009
43.9 -6.06185e-009 -6.06185e-009
43.91 -5.35941e-009 -5.35941e-009
43.92 -4.65643e-009 -4.65643e-009
43.93 -3.95299e-009 -3.95299e-009
43.94 -3.24915e-009 -3.24915e-009
43.95 -2.54499e-009 -2.54499e-009
43.96 -1.84058e-009 -1.84058e-009
43.97 -1.13598e-009 -1.13598e-009
43.98 -4.31265e-010 -4.31265e-010
43.99 2.73491e-010 2.73491e-010
44 9.7822e-010 9.7822e-010
44.01 1.68285e-009 1.68285e-009
44.02 2.38731e-009 2.38731e-009
44.03 3.09154e-009 3.09154e-009
44.04 3.79545e-009 3.79545e-009
44.05 4.49899e-009 4.49899e-009
44.06 5.20207e-009 5.20207e-009
44.07 5.90464e-009 5.90464e-009
44.08 6.60661e-009 6.60661e-009
44.09 7.30793e-009 7.30793e-009
44.1 8.00851e-009 8.00851e-009
44.11 8.70829e-009 8.70829e-009
44.12 9.40721e-009 9.40721e-009
44.13 1.01052e-008 1.01052e-008
44.14 1.08021e-008 1.08021e-008
44.15 1.1498e-008 1.1498e-008
44.16 1.21927e-008 1.21927e-008
44.17 1.28863e-008 1.28863e-008
44.18 1.35785e-008 1.35785e-008
44.19 1.42693e-008 1.42693e-008
44.2 1.49588e-008 1.49588e-008
44.21 1.56467e-008 1.56467e-008
44.22 1.63331e-008 1.63331e-008
44.23 1.70178e-008 1.70178e-008
44.24 1.77009e-008 1.77009e-008
44.25 1.83822e-008 1.83822e-008
44.26 1.90616e-008 1.90616e-008
44.27 1.97391e-008 1.97391e-008
44.28 2.04147e-008 2.04147e-008
44.29 2.10882e-008 2.10882e-008
44.3 2.17596e-008 2.17596e-008
44.31 2.24288e-008 2.24288e-008
44.32 2.30958e-008 2.30958e-008
44.33 2.37605e-008 2.37605e-008
44.34 2.44228e-008 2.44228e-008
44.35 2.50826e-008 2.50826e-008
44.36 2.574e-008 2.574e-008
44.37 2.63948e-008 2.63948e-008
44.38 2.70469e-008 2.70469e-008
44.39 2.76963e-008 2.76963e-008
44.4 2.8343e-008 2.8343e-008
44.41 2.89868e-008 2.89868e-008
44.42 2.96277e-008 2.96277e-008
44.43 3.02657e-008 3.02657e-008
44.44 3.09006e-008 3.09006e-008
44.45 3.15325e-008 3.15325e-008
44.46 3.21612e-008 3.21612e-008
44.47 3.27867e-008 3.27867e-008
44.48 3.34089e-008 3.34089e-008
44.49 3.40277e-008 3.40277e-008
44.5 3.46432e-008 3.46432e-008
44.51 3.52552e-008 3.52552e-008
44.52 3.58637e-008 3.58637e-008
44.53 3.64685e-008 3.64685e-008
44.54 3.70698e-008 3.70698e-008
44.55 3.76673e-008 3.76673e-008
44.56 3.82611e-008 3.82611e-008
44.57 3.8851e-008 3.8851e-008
44.58 3.9437e-008 3.9437e-008
44.59 4.00191e-008 4.00191e-008
44.6 4.05972e-008 4.05972e-008
44.61 4.11713e-008 4.11713e-008
44.62 4.17412e-008 4.17412e-008
44.63 4.2307e-008 4.2307e-008
44.64 4.28685e-008 4.28685e-008
44.65 4.34257e-008 4.34257e-008
44.66 4.39786e-008 4.39786e-008
44.67 4.45271e-008 4.45271e-008
44.68 4.50712e-008 4.50712e-008
44.69 4.56107e-008 4.56107e-008
44.7 4.61457e-008 4.61457e-008
44.71 4.6676e-008 4.6676e-008
44.72 4.72017e-008 4.72017e-008
44.73 4.77227e-008 4.77227e-008
44.74 4.82389e-008 4.82389e-008
44.75 4.87503e-008 4.87503e-008
44.76 4.92568e-008 4.92568e-008
44.77 4.97583e-008 4.97583e-008
44.78 5.02549e-008 5.02549e-008
44.79 5.07465e-008 5.07465e-008
44.8 5.1233e-008 5.1233e-008
44.81 5.17144e-008 5.17144e-008
44.82 5.21906e-008 5.21906e-008
44.83 5.26616e-008 5.26616e-008
44.84 5.31273e-008 5.31273e-008
44.85 5.35877e-008 5.35877e-008
44.86 5.40428e-008 5.40428e-008
44.87 5.44924e-008 5.44924e-008
44.88 5.49366e-008 5.49366e-008
44.89 5.53753e-008 5.53753e-008
44.9 5.58085e-008 5.58085e-008
44.91 5.62361e-008 5.62361e-008
44.92 5.6658e-008 5.6658e-008
44.93 5.70743e-008 5.70743e-008
44.94 5.74849e-008 5.74849e-008
44.95 5.78897e-008 5.78897e-008
44.96 5.82888e-008 5.82888e-008
44.97 5.8682e-008 5.8682e-008
44.98 5.90694e-008 5.90694e-008
44.99 5.94508e-008 5.94508e-008
45 5.98263e-008 5.98263e-008
45.01 6.01958e-008 6.01958e-008
45.02 6.05593e-008 6.05593e-008
45.03 6.09168e-008 6.09168e-008
45.04 6.12681e-008 6.12681e-008
45.05 6.16133e-008 6.16133e-008
45.06 6.19524e-008 6.19524e-008
45.07 6.22853e-008 6.22853e-008
45.08 6.26119e-008 6.26119e-008
45.09 6.29323e-008 6.29323e-008
45.1 6.32464e-008 6.32464e-008
45.11 6.35541e-008 6.35541e-008
45.12 6.38555e-008 6.38555e-008
45.13 6.41505e-008 6.41505e-008
45.14 6.44392e-008 6.44392e-008
45.15 6.47213e-008 6.47213e-008
45.16 6.4997e-008 6.4997e-008
45.17 6.52662e-008 6.52662e-008
45.18 6.55289e-008 6.55289e-008
45.19 6.5785e-008 6.5785e-008
45.2 6.60345e-008 6.60345e-008
45.21 6.62774e-008 6.62774e-008
45.22 6.65137e-008 6.65137e-008
45.23 6.67434e-008 6.67434e-008
45.24 6.69663e-008 6.69663e-008
45.25 6.71826e-008 6.71826e-008
45.26 6.73922e-008 6.73922e-008
45.27 6.7595e-008 6.7595e-008
45.28 6.77911e-008 6.77911e-008
45.29 6.79803e-008 6.79803e-008
45.3 6.81628e-008 6.81628e-008
45.31 6.83385e-008 6.83385e-008
45.32 6.85073e-008 6.85073e-008
45.33 6.86693e-008 6.86693e-008
45.34 6.88244e-008 6.88244e-008
45.35 6.89727e-008 6.89727e-008
45.36 6.9114e-008 6.9114e-008
45.37 6.92484e-008 6.92484e-008
45.38 6.93759e-008 6.93759e-008
45.39 6.94965e-008 6.94965e-008
45.4 6.96101e-008 6.96101e-008
45.41 6.97167e-008 6.97167e-008
45.42 6.98164e-008 6.98164e-008
45.43 6.99091e-008 6.99091e-008
45.44 6.99948e-008 6.99948e-008
45.45 7.00735e-008 7.00735e-008
45.46 7.01452e-008 7.01452e-008
45.47 7.02099e-008 7.02099e-008
45.48 7.02676e-008 7.02676e-008
45.49 7.03182e-008 7.03182e-008
45.5 7.03618e-008 7.03618e-008
45.51 7.03984e-008 7.03984e-008
45.52 7.04279e-008 7.04279e-008
45.53 7.04504e-008 7.04504e-008
45.54 7.04659e-008 7.04659e-008
45.55 7.04743e-008 7.04743e-008
45.56 7.04756e-008 7.04756e-008
45.57 7.04699e-008 7.04699e-008
45.58 7.04572e-008 7.04572e-008
45.59 7.04374e-008 7.04374e-008
45.6 7.04106e-008 7.04106e-008
45.61 7.03767e-008 7.03767e-008
45.62 7.03358e-008 7.03358e-008
45.63 7.02878e-008 7.02878e-008
45.64 7.02329e-008 7.02329e-008
45.65 7.01709e-008 7.01709e-008
45.66 7.01018e-008 7.01018e-008
45.67 7.00258e-008 7.00258e-008
45.68 6.99428e-008 6.99428e-008
45.69 6.98528e-008 6.98528e-008
45.7 6.97558e-008 6.97558e-008
45.71 6.96518e-008 6.96518e-008
45.72 6.95408e-008 6.95408e-008
45.73 6.94229e-008 6.94229e-008
45.74 6.92981e-008 6.92981e-008
45.75 6.91663e-008 6.91663e-008
45.76 6.90276e-008 6.90276e-008
45.77 6.8882e-008 6.8882e-008
45.78 6.87295e-008 6.87295e-008
45.79 6.85702e-008 6.85702e-008
45.8 6.8404e-008 6.8404e-008
45.81 6.82309e-008 6.82309e-008
45.82 6.80511e-008 6.80511e-008
45.83 6.78644e-008 6.78644e-008
45.84 6.76709e-008 6.76709e-008
45.85 6.74707e-008 6.74707e-008
45.86 6.72637e-008 6.72637e-008
45.87 6.705e-008 6.705e-008
45.88 6.68296e-008 6.68296e-008
45.89 6.66025e-008 6.66025e-008
45.9 6.63687e-008 6.63687e-008
45.91 6.61283e-008 6.61283e-008
45.92 6.58813e-008 6.58813e-008
45.93 6.56278e-008 6.56278e-008
45.94 6.53676e-008 6.53676e-008
45.95 6.51009e-008 6.51009e-008
45.96 6.48277e-008 6.48277e-008
45.97 6.4548e-008 6.4548e-008
45.98 6.42619e-008 6.42619e-008
45.99 6.39693e-008 6.39693e-008
46 6.36704e-008 6.36704e-008
46.01 6.3365e-008 6.3365e-008
46.02 6.30534e-008 6.30534e-008
46.03 6.27354e-008 6.27354e-008
46.04 6.24111e-008 6.24111e-008
46.05 6.20807e-008 6.20807e-008
46.06 6.1744e-008 6.1744e-008
46.07 6.14011e-008 6.14011e-008
46.08 6.10521e-008 6.10521e-008
46.09 6.0697e-008 6.0697e-008
46.1 6.03358e-008 6.03358e-008
46.11 5.99686e-008 5.99686e-008
46.12 5.95954e-008 5.95954e-008
46.13 5.92162e-008 5.92162e-008
46.14 5.88311e-008 5.88311e-008
46.15 5.84401e-008 5.84401e-008
46.16 5.80433e-008 5.80433e-008
46.17 5.76407e-008 5.76407e-008
46.18 5.72323e-008 5.72323e-008
46.19 5.68182e-008 5.68182e-008
46.2 5.63984e-008 5.63984e-008
46.21 5.5973e-008 5.5973e-008
46.22 5.55419e-008 5.55419e-008
46.23 5.51053e-008 5.51053e-008
46.24 5.46632e-008 5.46632e-008
46.25 5.42157e-008 5.42157e-008
46.26 5.37627e-008 5.37627e-008
46.27 5.33043e-008 5.33043e-008
46.28 5.28407e-008 5.28407e-008
46.29 5.23717e-008 5.23717e-008
46.3 5.18975e-008 5.18975e-008
46.31 5.14181e-008 5.14181e-008
46.32 5.09335e-008 5.09335e-008
46.33 5.04439e-008 5.04439e-008
46.34 4.99492e-008 4.99492e-008
46.35 4.94495e-008 4.94495e-008
46.36 4.89449e-008 4.89449e-008
46.37 4.84354e-008 4.84354e-008
46.38 4.7921e-008 4.7921e-008
46.39 4.74019e-008 4.74019e-008
46.4 4.6878e-008 4.6878e-008
46.41 4.63494e-008 4.63494e-008
46.42 4.58162e-008 4.58162e-008
46.43 4.52784e-008 4.52784e-008
46.44 4.47361e-008 4.47361e-008
46.45 4.41893e-008 4.41893e-008
46.46 4.36381e-008 4.36381e-008
46.47 4.30825e-008 4.30825e-008
46.48 4.25226e-008 4.25226e-008
46.49 4.19585e-008 4.19585e-008
46.5 4.13901e-008 4.13901e-008
46.51 4.08177e-008 4.08177e-008
46.52 4.02411e-008 4.02411e-008
46.53 3.96605e-008 3.96605e-008
46.54 3.9076e-008 3.9076e-008
46.55 3.84875e-008 3.84875e-008
46.56 3.78952e-008 3.78952e-008
46.57 3.72991e-008 3.72991e-008
46.58 3.66993e-008 3.66993e-008
46.59 3.60958e-008 3.60958e-008
46.6 3.54887e-008 3.54887e-008
46.61 3.48781e-008 3.48781e-008
46.62 3.42639e-008 3.42639e-008
46.63 3.36464e-008 3.36464e-008
46.64 3.30255e-008 3.30255e-008
46.65 3.24012e-008 3.24012e-008
46.66 3.17738e-008 3.17738e-008
46.67 3.11431e-008 3.11431e-008
46.68 3.05093e-008 3.05093e-008
46.69 2.98725e-008 2.98725e-008
46.7 2.92327e-008 2.92327e-008
46.71 2.859e-008 2.859e-008
46.72 2.79444e-008 2.79444e-008
46.73 2.7296e-008 2.7296e-008
46.74 2.66449e-008 2.66449e-008
46.75 2.59912e-008 2.59912e-008
46.76 2.53348e-008 2.53348e-008
46.77 2.46759e-008 2.46759e-008
46.78 2.40145e-008 2.40145e-008
46.79 2.33507e-008 2.33507e-008
46.8 2.26846e-008 2.26846e-008
46.81 2.20163e-008 2.20163e-008
46.82 2.13457e-008 2.13457e-008
46.83 2.0673e-008 2.0673e-008
46.84 1.99982e-008 1.99982e-008
46.85 1.93214e-008 1.93214e-008
46.86 1.86427e-008 1.86427e-008
46.87 1.79621e-008 1.79621e-008
46.88 1.72798e-008 1.72798e-008
46.89 1.65957e-008 1.65957e-008
46.9 1.59099e-008 1.59099e-008
46.91 1.52225e-008 1.52225e-008
46.92 1.45337e-008 1.45337e-008
46.93 1.38433e-008 1.38433e-008
46.94 1.31516e-008 1.31516e-008
46.95 1.24586e-008 1.24586e-008
46.96 1.17643e-008 1.17643e-008
46.97 1.10689e-008 1.10689e-008
46.98 1.03723e-008 1.03723e-008
46.99 9.67474e-009 9.67474e-009
47 8.97618e-009 8.97618e-009
47.01 8.27672e-009 8.27672e-009
47.02 7.57644e-009 7.57644e-009
47.03 6.8754e-009 6.8754e-009
47.04 6.17367e-009 6.17367e-009
47.05 5.47132e-009 5.47132e-009
47.06 4.76842e-009 4.76842e-009
47.07 4.06505e-009 4.06505e-009
47.08 3.36127e-009 3.36127e-009
47.09 2.65716e-009 2.65716e-009
47.1 1.95278e-009 1.95278e-009
47.11 1.24821e-009 1.24821e-009
47.12 5.43506e-010 5.43506e-010
47.13 -1.61248e-010 -1.61248e-010
47.14 -8.65986e-010 -8.65986e-010
47.15 -1.57064e-009 -1.57064e-009
47.16 -2.27513e-009 -2.27513e-009
47.17 -2.9794e-009 -2.9794e-009
47.18 -3.68337e-009 -3.68337e-009
47.19 -4.38697e-009 -4.38697e-009
47.2 -5.09013e-009 -5.09013e-009
47.21 -5.79278e-009 -5.79278e-009
47.22 -6.49486e-009 -6.49486e-009
47.23 -7.19628e-009 -7.19628e-009
47.24 -7.89698e-009 -7.89698e-009
47.25 -8.5969e-009 -8.5969e-009
47.26 -9.29595e-009 -9.29595e-009
47.27 -9.99408e-009 -9.99408e-009
47.28 -1.06912e-008 -1.06912e-008
47.29 -1.13873e-008 -1.13873e-008
47.3 -1.20822e-008 -1.20822e-008
47.31 -1.27759e-008 -1.27759e-008
47.32 -1.34683e-008 -1.34683e-008
47.33 -1.41594e-008 -1.41594e-008
47.34 -1.48491e-008 -1.48491e-008
47.35 -1.55373e-008 -1.55373e-008
47.36 -1.62239e-008 -1.62239e-008
47.37 -1.69089e-008 -1.69089e-008
47.38 -1.75922e-008 -1.75922e-008
47.39 -1.82738e-008 -1.82738e-008
47.4 -1.89535e-008 -1.89535e-008
47.41 -1.96313e-008 -1.96313e-008
47.42 -2.03072e-008 -2.03072e-008
47.43 -2.09811e-008 -2.09811e-008
47.44 -2.16528e-008 -2.16528e-008
47.45 -2.23224e-008 -2.23224e-008
47.46 -2.29897e-008 -2.29897e-008
47.47 -2.36548e-008 -2.36548e-008
47.48 -2.43175e-008 -2.43175e-008
47.49 -2.49777e-008 -2.49777e-008
47.5 -2.56355e-008 -2.56355e-008
47.51 -2.62907e-008 -2.62907e-008
47.52 -2.69432e-008 -2.69432e-008
47.53 -2.75931e-008 -2.75931e-008
47.54 -2.82402e-008 -2.82402e-008
47.55 -2.88845e-008 -2.88845e-008
47.56 -2.95259e-008 -2.95259e-008
47.57 -3.01643e-008 -3.01643e-008
47.58 -3.07997e-008 -3.07997e-008
47.59 -3.14321e-008 -3.14321e-008
47.6 -3.20613e-008 -3.20613e-008
47.61 -3.26873e-008 -3.26873e-008
47.62 -3.331e-008 -3.331e-008
47.63 -3.39294e-008 -3.39294e-008
47.64 -3.45454e-008 -3.45454e-008
47.65 -3.51579e-008 -3.51579e-008
47.66 -3.5767e-008 -3.5767e-008
47.67 -3.63724e-008 -3.63724e-008
47.68 -3.69743e-008 -3.69743e-008
47.69 -3.75724e-008 -3.75724e-008
47.7 -3.81667e-008 -3.81667e-008
47.71 -3.87573e-008 -3.87573e-008
47.72 -3.9344e-008 -3.9344e-008
47.73 -3.99267e-008 -3.99267e-008
47.74 -4.05054e-008 -4.05054e-008
47.75 -4.10801e-008 -4.10801e-008
47.76 -4.16507e-008 -4.16507e-008
47.77 -4.22172e-008 -4.22172e-008
47.78 -4.27794e-008 -4.27794e-008
47.79 -4.33373e-008 -4.33373e-008
47.8 -4.38909e-008 -4.38909e-008
47.81 -4.44401e-008 -4.44401e-008
47.82 -4.49848e-008 -4.49848e-008
47.83 -4.55251e-008 -4.55251e-008
47.84 -4.60608e-008 -4.60608e-008
47.85 -4.65919e-008 -4.65919e-008
47.86 -4.71183e-008 -4.71183e-008
47.87 -4.764e-008 -4.764e-008
47.88 -4.8157e-008 -4.8157e-008
47.89 -4.86692e-008 -4.86692e-008
47.9 -4.91764e-008 -4.91764e-008
47.91 -4.96788e-008 -4.96788e-008
47.92 -5.01762e-008 -5.01762e-008
47.93 -5.06686e-008 -5.06686e-008
47.94 -5.11559e-008 -5.11559e-008
47.95 -5.16381e-008 -5.16381e-008
47.96 -5.21151e-008 -5.21151e-008
47.97 -5.25869e-008 -5.25869e-008
47.98 -5.30535e-008 -5.30535e-008
47.99 -5.35147e-008 -5.35147e-008
48 -5.39707e-008 -5.39707e-008
48.01 -5.44212e-008 -5.44212e-008
48.02 -5.48662e-008 -5.48662e-008
48.03 -5.53058e-008 -5.53058e-008
48.04 -5.57399e-008 -5.57399e-008
48.05 -5.61683e-008 -5.61683e-008
48.06 -5.65912e-008 -5.65912e-008
48.07 -5.70084e-008 -5.70084e-008
48.08 -5.74199e-008 -5.74199e-008
48.09 -5.78256e-008 -5.78256e-008
48.1 -5.82256e-008 -5.82256e-008
48.11 -5.86198e-008 -5.86198e-008
48.12 -5.90081e-008 -5.90081e-008
48.13 -5.93904e-008 -5.93904e-008
48.14 -5.97669e-008 -5.97669e-008
48.15 -6.01374e-008 -6.01374e-008
48.16 -6.05018e-008 -6.05018e-008
48.17 -6.08602e-008 -6.08602e-008
48.18 -6.12126e-008 -6.12126e-008
48.19 -6.15588e-008 -6.15588e-008
48.2 -6.18988e-008 -6.18988e-008
48.21 -6.22327e-008 -6.22327e-008
48.22 -6.25603e-008 -6.25603e-008
48.23 -6.28817e-008 -6.28817e-008
48.24 -6.31968e-008 -6.31968e-008
48.25 -6.35055e-008 -6.35055e-008
48.26 -6.3808e-008 -6.3808e-008
48.27 -6.4104e-008 -6.4104e-008
48.28 -6.43936e-008 -6.43936e-008
48.29 -6.46768e-008 -6.46768e-008
48.3 -6.49535e-008 -6.49535e-008
48.31 -6.52238e-008 -6.52238e-008
48.32 -6.54875e-008 -6.54875e-008
48.33 -6.57446e-008 -6.57446e-008
48.34 -6.59952e-008 -6.59952e-008
48.35 -6.62392e-008 -6.62392e-008
48.36 -6.64765e-008 -6.64765e-008
48.37 -6.67072e-008 -6.67072e-008
48.38 -6.69313e-008 -6.69313e-008
48.39 -6.71486e-008 -6.71486e-008
48.4 -6.73593e-008 -6.73593e-008
48.41 -6.75631e-008 -6.75631e-008
48.42 -6.77603e-008 -6.77603e-008
48.43 -6.79506e-008 -6.79506e-008
48.44 -6.81342e-008 -6.81342e-008
48.45 -6.8311e-008 -6.8311e-008
48.46 -6.84809e-008 -6.84809e-008
48.47 -6.8644e-008 -6.8644e-008
48.48 -6.88002e-008 -6.88002e-008
48.49 -6.89495e-008 -6.89495e-008
48.5 -6.90919e-008 -6.90919e-008
48.51 -6.92275e-008 -6.92275e-008
48.52 -6.93561e-008 -6.93561e-008
48.53 -6.94777e-008 -6.94777e-008
48.54 -6.95925e-008 -6.95925e-008
48.55 -6.97002e-008 -6.97002e-008
48.56 -6.9801e-008 -6.9801e-008
48.57 -6.98948e-008 -6.98948e-008
48.58 -6.99817e-008 -6.99817e-008
48.59 -7.00615e-008 -7.00615e-008
48.6 -7.01343e-008 -7.01343e-008
48.61 -7.02001e-008 -7.02001e-008
48.62 -7.02589e-008 -7.02589e-008
48.63 -7.03106e-008 -7.03106e-008
48.64 -7.03554e-008 -7.03554e-008
48.65 -7.03931e-008 -7.03931e-008
48.66 -7.04237e-008 -7.04237e-008
48.67 -7.04473e-008 -7.04473e-008
48.68 -7.04639e-008 -7.04639e-008
48.69 -7.04734e-008 -7.04734e-008
48.7 -7.04759e-008 -7.04759e-008
48.71 -7.04713e-008 -7.04713e-008
48.72 -7.04597e-008 -7.04597e-008
48.73 -7.0441e-008 -7.0441e-008
48.74 -7.04153e-008 -7.04153e-008
48.75 -7.03826e-008 -7.03826e-008
48.76 -7.03428e-008 -7.03428e-008
48.77 -7.02959e-008 -7.02959e-008
48.78 -7.02421e-008 -7.02421e-008
48.79 -7.01812e-008 -7.01812e-008
48.8 -7.01133e-008 -7.01133e-008
48.81 -7.00384e-008 -7.00384e-008
48.82 -6.99565e-008 -6.99565e-008
48.83 -6.98676e-008 -6.98676e-008
48.84 -6.97717e-008 -6.97717e-008
48.85 -6.96688e-008 -6.96688e-008
48.86 -6.9559e-008 -6.9559e-008
48.87 -6.94422e-008 -6.94422e-008
48.88 -6.93184e-008 -6.93184e-008
48.89 -6.91878e-008 -6.91878e-008
48.9 -6.90502e-008 -6.90502e-008
48.91 -6.89057e-008 -6.89057e-008
48.92 -6.87543e-008 -6.87543e-008
48.93 -6.8596e-008 -6.8596e-008
48.94 -6.84309e-008 -6.84309e-008
48.95 -6.8259e-008 -6.8259e-008
48.96 -6.80802e-008 -6.80802e-008
48.97 -6.78946e-008 -6.78946e-008
48.98 -6.77022e-008 -6.77022e-008
48.99 -6.7503e-008 -6.7503e-008
49 -6.72971e-008 -6.72971e-008
49.01 -6.70845e-008 -6.70845e-008
49.02 -6.68651e-008 -6.68651e-008
49.03 -6.66391e-008 -6.66391e-008
49.04 -6.64064e-008 -6.64064e-008
49.05 -6.61671e-008 -6.61671e-008
49.06 -6.59211e-008 -6.59211e-008
49.07 -6.56686e-008 -6.56686e-008
49.08 -6.54095e-008 -6.54095e-008
49.09 -6.51438e-008 -6.51438e-008
49.1 -6.48717e-008 -6.48717e-008
49.11 -6.4593e-008 -6.4593e-008
49.12 -6.43079e-008 -6.43079e-008
49.13 -6.40163e-008 -6.40163e-008
49.14 -6.37184e-008 -6.37184e-008
49.15 -6.34141e-008 -6.34141e-008
49.16 -6.31034e-008 -6.31034e-008
49.17 -6.27865e-008 -6.27865e-008
49.18 -6.24632e-008 -6.24632e-008
49.19 -6.21337e-008 -6.21337e-008
49.2 -6.1798e-008 -6.1798e-008
49.21 -6.14561e-008 -6.14561e-008
49.22 -6.11081e-008 -6.11081e-008
49.23 -6.07539e-008 -6.07539e-008
49.24 -6.03937e-008 -6.03937e-008
49.25 -6.00275e-008 -6.00275e-008
49.26 -5.96552e-008 -5.96552e-008
49.27 -5.9277e-008 -5.9277e-008
49.28 -5.88928e-008 -5.88928e-008
49.29 -5.85028e-008 -5.85028e-008
49.3 -5.81069e-008 -5.81069e-008
49.31 -5.77052e-008 -5.77052e-008
49.32 -5.72977e-008 -5.72977e-008
49.33 -5.68845e-008 -5.68845e-008
49.34 -5.64656e-008 -5.64656e-008
49.35 -5.60411e-008 -5.60411e-008
49.36 -5.56109e-008 -5.56109e-008
49.37 -5.51752e-008 -5.51752e-008
49.38 -5.4734e-008 -5.4734e-008
49.39 -5.42873e-008 -5.42873e-008
49.4 -5.38352e-008 -5.38352e-008
49.41 -5.33777e-008 -5.33777e-008
49.42 -5.29149e-008 -5.29149e-008
49.43 -5.24467e-008 -5.24467e-008
49.44 -5.19733e-008 -5.19733e-008
49.45 -5.14948e-008 -5.14948e-008
49.46 -5.1011e-008 -5.1011e-008
49.47 -5.05222e-008 -5.05222e-008
49.48 -5.00283e-008 -5.00283e-008
49.49 -4.95294e-008 -4.95294e-008
49.5 -4.90256e-008 -4.90256e-008
49.51 -4.85169e-008 -4.85169e-008
49.52 -4.80033e-008 -4.80033e-008
49.53 -4.74849e-008 -4.74849e-008
49.54 -4.69618e-008 -4.69618e-008
49.55 -4.64339e-008 -4.64339e-008
49.56 -4.59014e-008 -4.59014e-008
49.57 -4.53644e-008 -4.53644e-008
49.58 -4.48228e-008 -4.48228e-008
49.59 -4.42767e-008 -4.42767e-008
49.6 -4.37262e-008 -4.37262e-008
49.61 -4.31713e-008 -4.31713e-008
49.62 -4.26121e-008 -4.26121e-008
49.63 -4.20486e-008 -4.20486e-008
49.64 -4.14809e-008 -4.14809e-008
49.65 -4.09091e-008 -4.09091e-008
49.66 -4.03332e-008 -4.03332e-008
49.67 -3.97533e-008 -3.97533e-008
49.68 -3.91693e-008 -3.91693e-008
49.69 -3.85815e-008 -3.85815e-008
49.7 -3.79898e-008 -3.79898e-008
49.71 -3.73943e-008 -3.73943e-008
49.72 -3.67951e-008 -3.67951e-008
49.73 -3.61922e-008 -3.61922e-008
49.74 -3.55857e-008 -3.55857e-008
49.75 -3.49756e-008 -3.49756e-008
49.76 -3.4362e-008 -3.4362e-008
49.77 -3.3745e-008 -3.3745e-008
49.78 -3.31246e-008 -3.31246e-008
49.79 -3.25009e-008 -3.25009e-008
49.8 -3.18739e-008 -3.18739e-008
49.81 -3.12438e-008 -3.12438e-008
49.82 -3.06105e-008 -3.06105e-008
49.83 -2.99742e-008 -2.99742e-008
49.84 -2.93348e-008 -2.93348e-008
49.85 -2.86926e-008 -2.86926e-008
49.86 -2.80474e-008 -2.80474e-008
49.87 -2.73995e-008 -2.73995e-008
49.88 -2.67488e-008 -2.67488e-008
49.89 -2.60955e-008 -2.60955e-008
49.9 -2.54395e-008 -2.54395e-008
49.91 -2.4781e-008 -2.4781e-008
49.92 -2.412e-008 -2.412e-008
49.93 -2.34566e-008 -2.34566e-008
49.94 -2.27909e-008 -2.27909e-008
49.95 -2.21229e-008 -2.21229e-008
49.96 -2.14526e-008 -2.14526e-008
49.97 -2.07803e-008 -2.07803e-008
49.98 -2.01058e-008 -2.01058e-008
49.99 -1.94293e-008 -1.94293e-008
50 -1.87509e-008 -1.87509e-008
50.01 -1.80706e-008 -1.80706e-008
